stream status 200
health: {"status":"ok","ts":"2026-10-05T16:32:26.925Z","uptime_seconds":2839,"memory":{"rss_mb":275.9,"heap_used_mb":138.2,"heap_total_mb":185.4},"node":"v20.20.2","pid":9,"db":"up","redis":"up","sse_clients":0,"console_clients":2,"level_counts":{"info":500}}
health: {"status":"ok","ts":"2026-10-05T16:32:31.927Z","uptime_seconds":2844,"memory":{"rss_mb":268.8,"heap_used_mb":115,"heap_total_mb":178.4},"node":"v20.20.2","pid":9,"db":"up","redis":"up","sse_clients":0,"console_clients":2,"level_counts":{"info":500}}
health: {"status":"ok","ts":"2026-10-05T16:32:36.927Z","uptime_seconds":2849,"memory":{"rss_mb":268.4,"heap_used_mb":115.3,"heap_total_mb":178.4},"node":"v20.20.2","pid":9,"db":"up","redis":"up","sse_clients":0,"console_clients":2,"level_counts":{"info":500}}
health: {"status":"ok","ts":"2026-10-05T16:32:41.927Z","uptime_seconds":2854,"memory":{"rss_mb":268.5,"heap_used_mb":115.6,"heap_total_mb":178.4},"node":"v20.20.2","pid":9,"db":"up","redis":"up","sse_clients":0,"console_clients":2,"level_counts":{"info":500}}
health: {"status":"ok","ts":"2026-10-05T16:32:46.928Z","uptime_seconds":2859,"memory":{"rss_mb":268.9,"heap_used_mb":128.9,"heap_total_mb":178.4},"node":"v20.20.2","pid":9,"db":"up","redis":"up","sse_clients":0,"console_clients":2,"level_counts":{"info":500}}
health: {"status":"ok","ts":"2026-10-05T16:32:51.927Z","uptime_seconds":2864,"memory":{"rss_mb":268.5,"heap_used_mb":121.8,"heap_total_mb":178.4},"node":"v20.20.2","pid":9,"db":"up","redis":"up","sse_clients":0,"console_clients":2,"level_counts":{"info":500}}
health: {"status":"ok","ts":"2026-10-05T16:32:56.928Z","uptime_seconds":2869,"memory":{"rss_mb":268.5,"heap_used_mb":126.6,"heap_total_mb":178.4},"node":"v20.20.2","pid":9,"db":"up","redis":"up","sse_clients":0,"console_clients":2,"level_counts":{"info":500}}
health: {"status":"ok","ts":"2026-10-05T16:33:01.929Z","uptime_seconds":2874,"memory":{"rss_mb":265.6,"heap_used_mb":114.3,"heap_total_mb":174.9},"node":"v20.20.2","pid":9,"db":"up","redis":"up","sse_clients":0,"console_clients":2,"level_counts":{"info":500}}
health: {"status":"ok","ts":"2026-10-05T16:33:06.931Z","uptime_seconds":2879,"memory":{"rss_mb":265.4,"heap_used_mb":113,"heap_total_mb":174.9},"node":"v20.20.2","pid":9,"db":"up","redis":"up","sse_clients":0,"console_clients":2,"level_counts":{"info":500}}
health: {"status":"ok","ts":"2026-10-05T16:33:11.931Z","uptime_seconds":2884,"memory":{"rss_mb":265.4,"heap_used_mb":114.8,"heap_total_mb":174.9},"node":"v20.20.2","pid":9,"db":"up","redis":"up","sse_clients":0,"console_clients":2,"level_counts":{"info":500}}
health: {"status":"ok","ts":"2026-10-05T16:33:16.931Z","uptime_seconds":2889,"memory":{"rss_mb":265.9,"heap_used_mb":128.1,"heap_total_mb":174.9},"node":"v20.20.2","pid":9,"db":"up","redis":"up","sse_clients":0,"console_clients":2,"level_counts":{"info":500}}
health: {"status":"ok","ts":"2026-10-05T16:33:21.937Z","uptime_seconds":2894,"memory":{"rss_mb":265.8,"heap_used_mb":132.7,"heap_total_mb":174.9},"node":"v20.20.2","pid":9,"db":"up","redis":"up","sse_clients":0,"console_clients":2,"level_counts":{"info":500}}
health: {"status":"ok","ts":"2026-10-05T16:33:26.937Z","uptime_seconds":2899,"memory":{"rss_mb":266,"heap_used_mb":136.3,"heap_total_mb":174.9},"node":"v20.20.2","pid":9,"db":"up","redis":"up","sse_clients":0,"console_clients":2,"level_counts":{"info":500}}
health: {"status":"ok","ts":"2026-10-05T16:33:31.937Z","uptime_seconds":2904,"memory":{"rss_mb":265.8,"heap_used_mb":137.7,"heap_total_mb":174.9},"node":"v20.20.2","pid":9,"db":"up","redis":"up","sse_clients":0,"console_clients":2,"level_counts":{"info":500}}
health: {"status":"ok","ts":"2026-10-05T16:33:36.938Z","uptime_seconds":2909,"memory":{"rss_mb":265.9,"heap_used_mb":137.2,"heap_total_mb":175.4},"node":"v20.20.2","pid":9,"db":"up","redis":"up","sse_clients":0,"console_clients":2,"level_counts":{"info":500}}
health: {"status":"ok","ts":"2026-10-05T16:33:41.938Z","uptime_seconds":2914,"memory":{"rss_mb":268.7,"heap_used_mb":136.3,"heap_total_mb":178.2},"node":"v20.20.2","pid":9,"db":"up","redis":"up","sse_clients":0,"console_clients":2,"level_counts":{"info":500}}
health: {"status":"ok","ts":"2026-10-05T16:33:46.938Z","uptime_seconds":2919,"memory":{"rss_mb":269.9,"heap_used_mb":115.4,"heap_total_mb":179.9},"node":"v20.20.2","pid":9,"db":"up","redis":"up","sse_clients":0,"console_clients":2,"level_counts":{"info":500}}
health: {"status":"ok","ts":"2026-10-05T16:33:51.938Z","uptime_seconds":2924,"memory":{"rss_mb":269.8,"heap_used_mb":117,"heap_total_mb":179.9},"node":"v20.20.2","pid":9,"db":"up","redis":"up","sse_clients":0,"console_clients":2,"level_counts":{"info":500}}
health: {"status":"ok","ts":"2026-10-05T16:33:56.938Z","uptime_seconds":2929,"memory":{"rss_mb":269.8,"heap_used_mb":119.6,"heap_total_mb":179.9},"node":"v20.20.2","pid":9,"db":"up","redis":"up","sse_clients":0,"console_clients":2,"level_counts":{"info":500}}
health: {"status":"ok","ts":"2026-10-05T16:34:01.939Z","uptime_seconds":2934,"memory":{"rss_mb":269.8,"heap_used_mb":118.7,"heap_total_mb":179.9},"node":"v20.20.2","pid":9,"db":"up","redis":"up","sse_clients":0,"console_clients":2,"level_counts":{"info":500}}
health: {"status":"ok","ts":"2026-10-05T16:34:06.940Z","uptime_seconds":2939,"memory":{"rss_mb":270.1,"heap_used_mb":132.4,"heap_total_mb":179.9},"node":"v20.20.2","pid":9,"db":"up","redis":"up","sse_clients":0,"console_clients":2,"level_counts":{"info":500}}
health: {"status":"ok","ts":"2026-10-05T16:34:11.944Z","uptime_seconds":2944,"memory":{"rss_mb":263.9,"heap_used_mb":115.5,"heap_total_mb":173.4},"node":"v20.20.2","pid":9,"db":"up","redis":"up","sse_clients":0,"console_clients":2,"level_counts":{"info":500}}
health: {"status":"ok","ts":"2026-10-05T16:34:16.945Z","uptime_seconds":2949,"memory":{"rss_mb":263.4,"heap_used_mb":111.9,"heap_total_mb":173.4},"node":"v20.20.2","pid":9,"db":"up","redis":"up","sse_clients":0,"console_clients":2,"level_counts":{"info":500}}
health: {"status":"ok","ts":"2026-10-05T16:34:21.945Z","uptime_seconds":2954,"memory":{"rss_mb":263.6,"heap_used_mb":118.8,"heap_total_mb":173.4},"node":"v20.20.2","pid":9,"db":"up","redis":"up","sse_clients":0,"console_clients":2,"level_counts":{"info":500}}
health: {"status":"ok","ts":"2026-10-05T16:34:26.945Z","uptime_seconds":2959,"memory":{"rss_mb":263.4,"heap_used_mb":120.7,"heap_total_mb":173.4},"node":"v20.20.2","pid":9,"db":"up","redis":"up","sse_clients":0,"console_clients":2,"level_counts":{"info":500}}
health: {"status":"ok","ts":"2026-10-05T16:34:31.949Z","uptime_seconds":2964,"memory":{"rss_mb":263.8,"heap_used_mb":130.3,"heap_total_mb":173.4},"node":"v20.20.2","pid":9,"db":"up","redis":"up","sse_clients":0,"console_clients":2,"level_counts":{"info":500}}
health: {"status":"ok","ts":"2026-10-05T16:34:36.950Z","uptime_seconds":2969,"memory":{"rss_mb":261.9,"heap_used_mb":111.1,"heap_total_mb":171.7},"node":"v20.20.2","pid":9,"db":"up","redis":"up","sse_clients":0,"console_clients":2,"level_counts":{"info":500}}
health: {"status":"ok","ts":"2026-10-05T16:34:41.951Z","uptime_seconds":2974,"memory":{"rss_mb":262.1,"heap_used_mb":121.5,"heap_total_mb":171.7},"node":"v20.20.2","pid":9,"db":"up","redis":"up","sse_clients":0,"console_clients":2,"level_counts":{"info":500}}
health: {"status":"ok","ts":"2026-10-05T16:34:46.951Z","uptime_seconds":2979,"memory":{"rss_mb":262,"heap_used_mb":121.6,"heap_total_mb":171.7},"node":"v20.20.2","pid":9,"db":"up","redis":"up","sse_clients":0,"console_clients":2,"level_counts":{"info":500}}
health: {"status":"ok","ts":"2026-10-05T16:34:51.955Z","uptime_seconds":2984,"memory":{"rss_mb":261.9,"heap_used_mb":125.4,"heap_total_mb":171.7},"node":"v20.20.2","pid":9,"db":"up","redis":"up","sse_clients":0,"console_clients":2,"level_counts":{"info":500}}
health: {"status":"ok","ts":"2026-10-05T16:34:56.955Z","uptime_seconds":2989,"memory":{"rss_mb":262.1,"heap_used_mb":127.7,"heap_total_mb":171.7},"node":"v20.20.2","pid":9,"db":"up","redis":"up","sse_clients":0,"console_clients":2,"level_counts":{"info":500}}
health: {"status":"ok","ts":"2026-10-05T16:35:01.967Z","uptime_seconds":2994,"memory":{"rss_mb":260.7,"heap_used_mb":110.8,"heap_total_mb":170.4},"node":"v20.20.2","pid":9,"db":"up","redis":"up","sse_clients":0,"console_clients":2,"level_counts":{"info":500}}
health: {"status":"ok","ts":"2026-10-05T16:35:06.967Z","uptime_seconds":2999,"memory":{"rss_mb":260.4,"heap_used_mb":112.2,"heap_total_mb":170.4},"node":"v20.20.2","pid":9,"db":"up","redis":"up","sse_clients":0,"console_clients":2,"level_counts":{"info":500}}
health: {"status":"ok","ts":"2026-10-05T16:35:11.967Z","uptime_seconds":3004,"memory":{"rss_mb":261,"heap_used_mb":122.7,"heap_total_mb":170.4},"node":"v20.20.2","pid":9,"db":"up","redis":"up","sse_clients":0,"console_clients":2,"level_counts":{"info":500}}
health: {"status":"ok","ts":"2026-10-05T16:35:16.970Z","uptime_seconds":3009,"memory":{"rss_mb":260.6,"heap_used_mb":121.8,"heap_total_mb":170.4},"node":"v20.20.2","pid":9,"db":"up","redis":"up","sse_clients":0,"console_clients":2,"level_counts":{"info":500}}
health: {"status":"ok","ts":"2026-10-05T16:35:21.976Z","uptime_seconds":3014,"memory":{"rss_mb":259.2,"heap_used_mb":116.3,"heap_total_mb":169.2},"node":"v20.20.2","pid":9,"db":"up","redis":"up","sse_clients":0,"console_clients":2,"level_counts":{"info":500}}
health: {"status":"ok","ts":"2026-10-05T16:35:26.976Z","uptime_seconds":3019,"memory":{"rss_mb":259,"heap_used_mb":113.9,"heap_total_mb":169.2},"node":"v20.20.2","pid":9,"db":"up","redis":"up","sse_clients":0,"console_clients":2,"level_counts":{"info":500}}
health: {"status":"ok","ts":"2026-10-05T16:35:31.976Z","uptime_seconds":3024,"memory":{"rss_mb":258.9,"heap_used_mb":115.2,"heap_total_mb":169.2},"node":"v20.20.2","pid":9,"db":"up","redis":"up","sse_clients":0,"console_clients":2,"level_counts":{"info":500}}
health: {"status":"ok","ts":"2026-10-05T16:35:36.976Z","uptime_seconds":3029,"memory":{"rss_mb":259.2,"heap_used_mb":127,"heap_total_mb":169.2},"node":"v20.20.2","pid":9,"db":"up","redis":"up","sse_clients":0,"console_clients":2,"level_counts":{"info":500}}
health: {"status":"ok","ts":"2026-10-05T16:35:41.976Z","uptime_seconds":3034,"memory":{"rss_mb":259,"heap_used_mb":108.5,"heap_total_mb":169.2},"node":"v20.20.2","pid":9,"db":"up","redis":"up","sse_clients":0,"console_clients":2,"level_counts":{"info":500}}
health: {"status":"ok","ts":"2026-10-05T16:35:46.976Z","uptime_seconds":3039,"memory":{"rss_mb":259.4,"heap_used_mb":119.6,"heap_total_mb":169.2},"node":"v20.20.2","pid":9,"db":"up","redis":"up","sse_clients":0,"console_clients":2,"level_counts":{"info":500}}
health: {"status":"ok","ts":"2026-10-05T16:35:51.976Z","uptime_seconds":3044,"memory":{"rss_mb":259.3,"heap_used_mb":124.3,"heap_total_mb":169.2},"node":"v20.20.2","pid":9,"db":"up","redis":"up","sse_clients":0,"console_clients":2,"level_counts":{"info":500}}
health: {"status":"ok","ts":"2026-10-05T16:35:56.976Z","uptime_seconds":3049,"memory":{"rss_mb":259.5,"heap_used_mb":128.1,"heap_total_mb":169.2},"node":"v20.20.2","pid":9,"db":"up","redis":"up","sse_clients":0,"console_clients":2,"level_counts":{"info":500}}
health: {"status":"ok","ts":"2026-10-05T16:36:01.982Z","uptime_seconds":3054,"memory":{"rss_mb":259.5,"heap_used_mb":131,"heap_total_mb":169.2},"node":"v20.20.2","pid":9,"db":"up","redis":"up","sse_clients":0,"console_clients":2,"level_counts":{"info":500}}
health: {"status":"ok","ts":"2026-10-05T16:36:06.984Z","uptime_seconds":3059,"memory":{"rss_mb":259.1,"heap_used_mb":128.3,"heap_total_mb":169.2},"node":"v20.20.2","pid":9,"db":"up","redis":"up","sse_clients":0,"console_clients":2,"level_counts":{"info":500}}
health: {"status":"ok","ts":"2026-10-05T16:36:11.983Z","uptime_seconds":3064,"memory":{"rss_mb":259.5,"heap_used_mb":120.2,"heap_total_mb":169.7},"node":"v20.20.2","pid":9,"db":"up","redis":"up","sse_clients":0,"console_clients":2,"level_counts":{"info":500}}
health: {"status":"ok","ts":"2026-10-05T16:36:16.984Z","uptime_seconds":3069,"memory":{"rss_mb":259.3,"heap_used_mb":121.8,"heap_total_mb":169.7},"node":"v20.20.2","pid":9,"db":"up","redis":"up","sse_clients":0,"console_clients":2,"level_counts":{"info":500}}
health: {"status":"ok","ts":"2026-10-05T16:36:21.984Z","uptime_seconds":3074,"memory":{"rss_mb":259.2,"heap_used_mb":115.3,"heap_total_mb":169.7},"node":"v20.20.2","pid":9,"db":"up","redis":"up","sse_clients":0,"console_clients":2,"level_counts":{"info":500}}
health: {"status":"ok","ts":"2026-10-05T16:36:26.985Z","uptime_seconds":3079,"memory":{"rss_mb":259.1,"heap_used_mb":124.2,"heap_total_mb":169.7},"node":"v20.20.2","pid":9,"db":"up","redis":"up","sse_clients":0,"console_clients":2,"level_counts":{"info":500}}
health: {"status":"ok","ts":"2026-10-05T16:36:31.985Z","uptime_seconds":3084,"memory":{"rss_mb":259.2,"heap_used_mb":128,"heap_total_mb":169.7},"node":"v20.20.2","pid":9,"db":"up","redis":"up","sse_clients":0,"console_clients":2,"level_counts":{"info":500}}
health: {"status":"ok","ts":"2026-10-05T16:36:36.985Z","uptime_seconds":3089,"memory":{"rss_mb":258.1,"heap_used_mb":112.9,"heap_total_mb":168.7},"node":"v20.20.2","pid":9,"db":"up","redis":"up","sse_clients":0,"console_clients":2,"level_counts":{"info":500}}
health: {"status":"ok","ts":"2026-10-05T16:36:41.985Z","uptime_seconds":3094,"memory":{"rss_mb":258.1,"heap_used_mb":118.2,"heap_total_mb":168.7},"node":"v20.20.2","pid":9,"db":"up","redis":"up","sse_clients":0,"console_clients":2,"level_counts":{"info":500}}
health: {"status":"ok","ts":"2026-10-05T16:36:46.986Z","uptime_seconds":3099,"memory":{"rss_mb":258.1,"heap_used_mb":117.1,"heap_total_mb":168.7},"node":"v20.20.2","pid":9,"db":"up","redis":"up","sse_clients":0,"console_clients":2,"level_counts":{"info":500}}
health: {"status":"ok","ts":"2026-10-05T16:36:51.986Z","uptime_seconds":3104,"memory":{"rss_mb":257.8,"heap_used_mb":114.1,"heap_total_mb":168.7},"node":"v20.20.2","pid":9,"db":"up","redis":"up","sse_clients":0,"console_clients":2,"level_counts":{"info":500}}
health: {"status":"ok","ts":"2026-10-05T16:36:56.986Z","uptime_seconds":3109,"memory":{"rss_mb":258.1,"heap_used_mb":127.1,"heap_total_mb":168.7},"node":"v20.20.2","pid":9,"db":"up","redis":"up","sse_clients":0,"console_clients":2,"level_counts":{"info":500}}
health: {"status":"ok","ts":"2026-10-05T16:37:01.987Z","uptime_seconds":3114,"memory":{"rss_mb":257.9,"heap_used_mb":126.8,"heap_total_mb":168.7},"node":"v20.20.2","pid":9,"db":"up","redis":"up","sse_clients":0,"console_clients":2,"level_counts":{"info":500}}
health: {"status":"ok","ts":"2026-10-05T16:37:06.987Z","uptime_seconds":3119,"memory":{"rss_mb":258.2,"heap_used_mb":128.6,"heap_total_mb":168.7},"node":"v20.20.2","pid":9,"db":"up","redis":"up","sse_clients":0,"console_clients":2,"level_counts":{"info":500}}
health: {"status":"ok","ts":"2026-10-05T16:37:11.988Z","uptime_seconds":3124,"memory":{"rss_mb":257.9,"heap_used_mb":123.1,"heap_total_mb":168.7},"node":"v20.20.2","pid":9,"db":"up","redis":"up","sse_clients":0,"console_clients":2,"level_counts":{"info":500}}
health: {"status":"ok","ts":"2026-10-05T16:37:16.987Z","uptime_seconds":3129,"memory":{"rss_mb":257.9,"heap_used_mb":128.3,"heap_total_mb":168.7},"node":"v20.20.2","pid":9,"db":"up","redis":"up","sse_clients":0,"console_clients":2,"level_counts":{"info":500}}
health: {"status":"ok","ts":"2026-10-05T16:37:21.987Z","uptime_seconds":3134,"memory":{"rss_mb":256.5,"heap_used_mb":108.6,"heap_total_mb":167.4},"node":"v20.20.2","pid":9,"db":"up","redis":"up","sse_clients":0,"console_clients":2,"level_counts":{"info":500}}
health: {"status":"ok","ts":"2026-10-05T16:37:26.987Z","uptime_seconds":3139,"memory":{"rss_mb":256.7,"heap_used_mb":115,"heap_total_mb":167.4},"node":"v20.20.2","pid":9,"db":"up","redis":"up","sse_clients":0,"console_clients":2,"level_counts":{"info":500}}
health: {"status":"ok","ts":"2026-10-05T16:37:31.987Z","uptime_seconds":3144,"memory":{"rss_mb":256.5,"heap_used_mb":116.1,"heap_total_mb":167.4},"node":"v20.20.2","pid":9,"db":"up","redis":"up","sse_clients":0,"console_clients":2,"level_counts":{"info":500}}
health: {"status":"ok","ts":"2026-10-05T16:37:36.987Z","uptime_seconds":3149,"memory":{"rss_mb":256.6,"heap_used_mb":119.9,"heap_total_mb":167.4},"node":"v20.20.2","pid":9,"db":"up","redis":"up","sse_clients":0,"console_clients":2,"level_counts":{"info":500}}
health: {"status":"ok","ts":"2026-10-05T16:37:41.987Z","uptime_seconds":3154,"memory":{"rss_mb":256.6,"heap_used_mb":119.9,"heap_total_mb":167.4},"node":"v20.20.2","pid":9,"db":"up","redis":"up","sse_clients":0,"console_clients":2,"level_counts":{"info":500}}
health: {"status":"ok","ts":"2026-10-05T16:37:46.987Z","uptime_seconds":3159,"memory":{"rss_mb":256.8,"heap_used_mb":120.3,"heap_total_mb":167.4},"node":"v20.20.2","pid":9,"db":"up","redis":"up","sse_clients":0,"console_clients":2,"level_counts":{"info":500}}
health: {"status":"ok","ts":"2026-10-05T16:37:51.987Z","uptime_seconds":3164,"memory":{"rss_mb":254.9,"heap_used_mb":117.6,"heap_total_mb":165.4},"node":"v20.20.2","pid":9,"db":"up","redis":"up","sse_clients":0,"console_clients":2,"level_counts":{"info":500}}
health: {"status":"ok","ts":"2026-10-05T16:37:56.987Z","uptime_seconds":3169,"memory":{"rss_mb":254.7,"heap_used_mb":115.8,"heap_total_mb":165.4},"node":"v20.20.2","pid":9,"db":"up","redis":"up","sse_clients":0,"console_clients":2,"level_counts":{"info":500}}
health: {"status":"ok","ts":"2026-10-05T16:38:01.987Z","uptime_seconds":3174,"memory":{"rss_mb":254.7,"heap_used_mb":115.7,"heap_total_mb":165.4},"node":"v20.20.2","pid":9,"db":"up","redis":"up","sse_clients":0,"console_clients":2,"level_counts":{"info":500}}
health: {"status":"ok","ts":"2026-10-05T16:38:06.988Z","uptime_seconds":3179,"memory":{"rss_mb":254.9,"heap_used_mb":119.1,"heap_total_mb":165.4},"node":"v20.20.2","pid":9,"db":"up","redis":"up","sse_clients":0,"console_clients":2,"level_counts":{"info":500}}
health: {"status":"ok","ts":"2026-10-05T16:38:11.989Z","uptime_seconds":3184,"memory":{"rss_mb":255,"heap_used_mb":118.9,"heap_total_mb":165.4},"node":"v20.20.2","pid":9,"db":"up","redis":"up","sse_clients":0,"console_clients":2,"level_counts":{"info":500}}
health: {"status":"ok","ts":"2026-10-05T16:38:16.987Z","uptime_seconds":3189,"memory":{"rss_mb":254.7,"heap_used_mb":115.8,"heap_total_mb":165.4},"node":"v20.20.2","pid":9,"db":"up","redis":"up","sse_clients":0,"console_clients":2,"level_counts":{"info":500}}
health: {"status":"ok","ts":"2026-10-05T16:38:21.989Z","uptime_seconds":3194,"memory":{"rss_mb":255,"heap_used_mb":128.2,"heap_total_mb":165.4},"node":"v20.20.2","pid":9,"db":"up","redis":"up","sse_clients":0,"console_clients":2,"level_counts":{"info":500}}
health: {"status":"ok","ts":"2026-10-05T16:38:26.989Z","uptime_seconds":3199,"memory":{"rss_mb":254.8,"heap_used_mb":125.9,"heap_total_mb":165.4},"node":"v20.20.2","pid":9,"db":"up","redis":"up","sse_clients":0,"console_clients":2,"level_counts":{"info":500}}
health: {"status":"ok","ts":"2026-10-05T16:38:31.990Z","uptime_seconds":3204,"memory":{"rss_mb":254.9,"heap_used_mb":116.1,"heap_total_mb":165.9},"node":"v20.20.2","pid":9,"db":"up","redis":"up","sse_clients":0,"console_clients":2,"level_counts":{"info":500}}
health: {"status":"ok","ts":"2026-10-05T16:38:36.991Z","uptime_seconds":3209,"memory":{"rss_mb":255.1,"heap_used_mb":122,"heap_total_mb":165.9},"node":"v20.20.2","pid":9,"db":"up","redis":"up","sse_clients":0,"console_clients":2,"level_counts":{"info":500}}
health: {"status":"ok","ts":"2026-10-05T16:38:41.992Z","uptime_seconds":3214,"memory":{"rss_mb":254.7,"heap_used_mb":122.7,"heap_total_mb":165.9},"node":"v20.20.2","pid":9,"db":"up","redis":"up","sse_clients":0,"console_clients":2,"level_counts":{"info":500}}
health: {"status":"ok","ts":"2026-10-05T16:38:46.993Z","uptime_seconds":3219,"memory":{"rss_mb":254.7,"heap_used_mb":118.9,"heap_total_mb":165.9},"node":"v20.20.2","pid":9,"db":"up","redis":"up","sse_clients":0,"console_clients":2,"level_counts":{"info":500}}
health: {"status":"ok","ts":"2026-10-05T16:38:51.993Z","uptime_seconds":3224,"memory":{"rss_mb":254.8,"heap_used_mb":126,"heap_total_mb":165.9},"node":"v20.20.2","pid":9,"db":"up","redis":"up","sse_clients":0,"console_clients":2,"level_counts":{"info":500}}
health: {"status":"ok","ts":"2026-10-05T16:38:56.993Z","uptime_seconds":3229,"memory":{"rss_mb":255.8,"heap_used_mb":116.7,"heap_total_mb":166.7},"node":"v20.20.2","pid":9,"db":"up","redis":"up","sse_clients":0,"console_clients":2,"level_counts":{"info":500}}
health: {"status":"ok","ts":"2026-10-05T16:39:01.994Z","uptime_seconds":3234,"memory":{"rss_mb":255.5,"heap_used_mb":114.3,"heap_total_mb":166.7},"node":"v20.20.2","pid":9,"db":"up","redis":"up","sse_clients":0,"console_clients":2,"level_counts":{"info":500}}
health: {"status":"ok","ts":"2026-10-05T16:39:06.994Z","uptime_seconds":3239,"memory":{"rss_mb":255.6,"heap_used_mb":122.7,"heap_total_mb":166.7},"node":"v20.20.2","pid":9,"db":"up","redis":"up","sse_clients":0,"console_clients":2,"level_counts":{"info":500}}
health: {"status":"ok","ts":"2026-10-05T16:39:12.000Z","uptime_seconds":3244,"memory":{"rss_mb":255.5,"heap_used_mb":121.2,"heap_total_mb":166.7},"node":"v20.20.2","pid":9,"db":"up","redis":"up","sse_clients":0,"console_clients":2,"level_counts":{"info":500}}
health: {"status":"ok","ts":"2026-10-05T16:39:16.994Z","uptime_seconds":3249,"memory":{"rss_mb":255.2,"heap_used_mb":112.5,"heap_total_mb":166.4},"node":"v20.20.2","pid":9,"db":"up","redis":"up","sse_clients":0,"console_clients":2,"level_counts":{"info":500}}
health: {"status":"ok","ts":"2026-10-05T16:39:21.994Z","uptime_seconds":3254,"memory":{"rss_mb":255.1,"heap_used_mb":110.1,"heap_total_mb":166.4},"node":"v20.20.2","pid":9,"db":"up","redis":"up","sse_clients":0,"console_clients":2,"level_counts":{"info":500}}
health: {"status":"ok","ts":"2026-10-05T16:39:27.003Z","uptime_seconds":3259,"memory":{"rss_mb":255.2,"heap_used_mb":107.2,"heap_total_mb":166.7},"node":"v20.20.2","pid":9,"db":"up","redis":"up","sse_clients":0,"console_clients":2,"level_counts":{"info":500}}
health: {"status":"ok","ts":"2026-10-05T16:39:31.997Z","uptime_seconds":3264,"memory":{"rss_mb":256,"heap_used_mb":116.8,"heap_total_mb":166.7},"node":"v20.20.2","pid":9,"db":"up","redis":"up","sse_clients":0,"console_clients":2,"level_counts":{"info":500}}
health: {"status":"ok","ts":"2026-10-05T16:39:36.997Z","uptime_seconds":3269,"memory":{"rss_mb":256.3,"heap_used_mb":126.9,"heap_total_mb":166.7},"node":"v20.20.2","pid":9,"db":"up","redis":"up","sse_clients":0,"console_clients":2,"level_counts":{"info":500}}
health: {"status":"ok","ts":"2026-10-05T16:39:42.001Z","uptime_seconds":3274,"memory":{"rss_mb":256.1,"heap_used_mb":126.8,"heap_total_mb":166.7},"node":"v20.20.2","pid":9,"db":"up","redis":"up","sse_clients":0,"console_clients":2,"level_counts":{"info":500}}
health: {"status":"ok","ts":"2026-10-05T16:39:46.997Z","uptime_seconds":3279,"memory":{"rss_mb":258,"heap_used_mb":135.1,"heap_total_mb":168.4},"node":"v20.20.2","pid":9,"db":"up","redis":"up","sse_clients":0,"console_clients":2,"level_counts":{"info":500}}
health: {"status":"ok","ts":"2026-10-05T16:39:51.997Z","uptime_seconds":3284,"memory":{"rss_mb":261.7,"heap_used_mb":137.7,"heap_total_mb":172.4},"node":"v20.20.2","pid":9,"db":"up","redis":"up","sse_clients":0,"console_clients":2,"level_counts":{"info":500}}
health: {"status":"ok","ts":"2026-10-05T16:39:57.003Z","uptime_seconds":3289,"memory":{"rss_mb":262.5,"heap_used_mb":119.2,"heap_total_mb":172.9},"node":"v20.20.2","pid":9,"db":"up","redis":"up","sse_clients":0,"console_clients":2,"level_counts":{"info":500}}
health: {"status":"ok","ts":"2026-10-05T16:40:02.012Z","uptime_seconds":3294,"memory":{"rss_mb":262.4,"heap_used_mb":113.5,"heap_total_mb":172.9},"node":"v20.20.2","pid":9,"db":"up","redis":"up","sse_clients":0,"console_clients":2,"level_counts":{"info":500}}
health: {"status":"ok","ts":"2026-10-05T16:40:07.013Z","uptime_seconds":3299,"memory":{"rss_mb":262.6,"heap_used_mb":116.7,"heap_total_mb":172.9},"node":"v20.20.2","pid":9,"db":"up","redis":"up","sse_clients":0,"console_clients":2,"level_counts":{"info":500}}
health: {"status":"ok","ts":"2026-10-05T16:40:12.025Z","uptime_seconds":3304,"memory":{"rss_mb":262.6,"heap_used_mb":122.1,"heap_total_mb":172.9},"node":"v20.20.2","pid":9,"db":"up","redis":"up","sse_clients":0,"console_clients":2,"level_counts":{"info":500}}
health: {"status":"ok","ts":"2026-10-05T16:40:17.017Z","uptime_seconds":3309,"memory":{"rss_mb":262.2,"heap_used_mb":122.4,"heap_total_mb":172.9},"node":"v20.20.2","pid":9,"db":"up","redis":"up","sse_clients":0,"console_clients":2,"level_counts":{"info":500}}
health: {"status":"ok","ts":"2026-10-05T16:40:22.020Z","uptime_seconds":3314,"memory":{"rss_mb":261.7,"heap_used_mb":108.8,"heap_total_mb":171.9},"node":"v20.20.2","pid":9,"db":"up","redis":"up","sse_clients":0,"console_clients":2,"level_counts":{"info":500}}
health: {"status":"ok","ts":"2026-10-05T16:40:27.025Z","uptime_seconds":3319,"memory":{"rss_mb":262.1,"heap_used_mb":125.1,"heap_total_mb":171.9},"node":"v20.20.2","pid":9,"db":"up","redis":"up","sse_clients":0,"console_clients":2,"level_counts":{"info":500}}
health: {"status":"ok","ts":"2026-10-05T16:40:32.019Z","uptime_seconds":3324,"memory":{"rss_mb":262.2,"heap_used_mb":127.1,"heap_total_mb":171.9},"node":"v20.20.2","pid":9,"db":"up","redis":"up","sse_clients":0,"console_clients":2,"level_counts":{"info":500}}
health: {"status":"ok","ts":"2026-10-05T16:40:37.019Z","uptime_seconds":3329,"memory":{"rss_mb":261.6,"heap_used_mb":124.2,"heap_total_mb":171.9},"node":"v20.20.2","pid":9,"db":"up","redis":"up","sse_clients":0,"console_clients":2,"level_counts":{"info":500}}
health: {"status":"ok","ts":"2026-10-05T16:40:42.028Z","uptime_seconds":3334,"memory":{"rss_mb":261.4,"heap_used_mb":108.9,"heap_total_mb":171.7},"node":"v20.20.2","pid":9,"db":"up","redis":"up","sse_clients":0,"console_clients":2,"level_counts":{"info":500}}
health: {"status":"ok","ts":"2026-10-05T16:40:47.021Z","uptime_seconds":3339,"memory":{"rss_mb":261.8,"heap_used_mb":119.6,"heap_total_mb":171.7},"node":"v20.20.2","pid":9,"db":"up","redis":"up","sse_clients":0,"console_clients":2,"level_counts":{"info":500}}
health: {"status":"ok","ts":"2026-10-05T16:40:52.022Z","uptime_seconds":3344,"memory":{"rss_mb":261.5,"heap_used_mb":119.2,"heap_total_mb":171.7},"node":"v20.20.2","pid":9,"db":"up","redis":"up","sse_clients":0,"console_clients":2,"level_counts":{"info":500}}
health: {"status":"ok","ts":"2026-10-05T16:40:57.036Z","uptime_seconds":3349,"memory":{"rss_mb":262.2,"heap_used_mb":132.6,"heap_total_mb":171.7},"node":"v20.20.2","pid":9,"db":"up","redis":"up","sse_clients":0,"console_clients":2,"level_counts":{"info":500}}
health: {"status":"ok","ts":"2026-10-05T16:41:02.053Z","uptime_seconds":3354,"memory":{"rss_mb":259.8,"heap_used_mb":116.5,"heap_total_mb":169.4},"node":"v20.20.2","pid":9,"db":"up","redis":"up","sse_clients":0,"console_clients":2,"level_counts":{"info":500}}
health: {"status":"ok","ts":"2026-10-05T16:41:07.052Z","uptime_seconds":3359,"memory":{"rss_mb":259.6,"heap_used_mb":120.3,"heap_total_mb":169.4},"node":"v20.20.2","pid":9,"db":"up","redis":"up","sse_clients":0,"console_clients":2,"level_counts":{"info":500}}
health: {"status":"ok","ts":"2026-10-05T16:41:12.056Z","uptime_seconds":3364,"memory":{"rss_mb":259.9,"heap_used_mb":127.6,"heap_total_mb":169.4},"node":"v20.20.2","pid":9,"db":"up","redis":"up","sse_clients":0,"console_clients":2,"level_counts":{"info":500}}
health: {"status":"ok","ts":"2026-10-05T16:41:17.052Z","uptime_seconds":3369,"memory":{"rss_mb":259.8,"heap_used_mb":132,"heap_total_mb":169.4},"node":"v20.20.2","pid":9,"db":"up","redis":"up","sse_clients":0,"console_clients":2,"level_counts":{"info":500}}
health: {"status":"ok","ts":"2026-10-05T16:41:22.052Z","uptime_seconds":3374,"memory":{"rss_mb":261,"heap_used_mb":129.7,"heap_total_mb":171.2},"node":"v20.20.2","pid":9,"db":"up","redis":"up","sse_clients":0,"console_clients":2,"level_counts":{"info":500}}
health: {"status":"ok","ts":"2026-10-05T16:41:27.058Z","uptime_seconds":3379,"memory":{"rss_mb":261.9,"heap_used_mb":113.5,"heap_total_mb":172.7},"node":"v20.20.2","pid":9,"db":"up","redis":"up","sse_clients":0,"console_clients":2,"level_counts":{"info":500}}
health: {"status":"ok","ts":"2026-10-05T16:41:32.056Z","uptime_seconds":3384,"memory":{"rss_mb":262.1,"heap_used_mb":123,"heap_total_mb":172.7},"node":"v20.20.2","pid":9,"db":"up","redis":"up","sse_clients":0,"console_clients":2,"level_counts":{"info":500}}
health: {"status":"ok","ts":"2026-10-05T16:41:37.062Z","uptime_seconds":3389,"memory":{"rss_mb":262.3,"heap_used_mb":130.5,"heap_total_mb":172.7},"node":"v20.20.2","pid":9,"db":"up","redis":"up","sse_clients":0,"console_clients":2,"level_counts":{"info":500}}
health: {"status":"ok","ts":"2026-10-05T16:41:42.067Z","uptime_seconds":3394,"memory":{"rss_mb":261.8,"heap_used_mb":126.5,"heap_total_mb":172.7},"node":"v20.20.2","pid":9,"db":"up","redis":"up","sse_clients":0,"console_clients":2,"level_counts":{"info":500}}
health: {"status":"ok","ts":"2026-10-05T16:41:47.064Z","uptime_seconds":3399,"memory":{"rss_mb":262.8,"heap_used_mb":140,"heap_total_mb":173.2},"node":"v20.20.2","pid":9,"db":"up","redis":"up","sse_clients":0,"console_clients":2,"level_counts":{"info":500}}
health: {"status":"ok","ts":"2026-10-05T16:41:52.065Z","uptime_seconds":3404,"memory":{"rss_mb":266.5,"heap_used_mb":135.4,"heap_total_mb":177.7},"node":"v20.20.2","pid":9,"db":"up","redis":"up","sse_clients":0,"console_clients":2,"level_counts":{"info":500}}
health: {"status":"ok","ts":"2026-10-05T16:41:57.069Z","uptime_seconds":3409,"memory":{"rss_mb":267.9,"heap_used_mb":118.2,"heap_total_mb":178.7},"node":"v20.20.2","pid":9,"db":"up","redis":"up","sse_clients":0,"console_clients":2,"level_counts":{"info":500}}
health: {"status":"ok","ts":"2026-10-05T16:42:02.066Z","uptime_seconds":3414,"memory":{"rss_mb":267.6,"heap_used_mb":118.8,"heap_total_mb":178.7},"node":"v20.20.2","pid":9,"db":"up","redis":"up","sse_clients":0,"console_clients":2,"level_counts":{"info":500}}
health: {"status":"ok","ts":"2026-10-05T16:42:07.070Z","uptime_seconds":3419,"memory":{"rss_mb":267.7,"heap_used_mb":124.7,"heap_total_mb":178.7},"node":"v20.20.2","pid":9,"db":"up","redis":"up","sse_clients":0,"console_clients":2,"level_counts":{"info":500}}
health: {"status":"ok","ts":"2026-10-05T16:42:12.074Z","uptime_seconds":3424,"memory":{"rss_mb":267.9,"heap_used_mb":127.7,"heap_total_mb":178.7},"node":"v20.20.2","pid":9,"db":"up","redis":"up","sse_clients":0,"console_clients":2,"level_counts":{"info":500}}
health: {"status":"ok","ts":"2026-10-05T16:42:17.071Z","uptime_seconds":3429,"memory":{"rss_mb":267.9,"heap_used_mb":130.4,"heap_total_mb":178.7},"node":"v20.20.2","pid":9,"db":"up","redis":"up","sse_clients":0,"console_clients":2,"level_counts":{"info":500}}
health: {"status":"ok","ts":"2026-10-05T16:42:22.072Z","uptime_seconds":3434,"memory":{"rss_mb":263.3,"heap_used_mb":114.4,"heap_total_mb":174.2},"node":"v20.20.2","pid":9,"db":"up","redis":"up","sse_clients":0,"console_clients":2,"level_counts":{"info":500}}
health: {"status":"ok","ts":"2026-10-05T16:42:27.078Z","uptime_seconds":3439,"memory":{"rss_mb":263.5,"heap_used_mb":122.5,"heap_total_mb":174.2},"node":"v20.20.2","pid":9,"db":"up","redis":"up","sse_clients":0,"console_clients":2,"level_counts":{"info":500}}
health: {"status":"ok","ts":"2026-10-05T16:42:32.074Z","uptime_seconds":3444,"memory":{"rss_mb":263.8,"heap_used_mb":131.2,"heap_total_mb":174.2},"node":"v20.20.2","pid":9,"db":"up","redis":"up","sse_clients":0,"console_clients":2,"level_counts":{"info":500}}
health: {"status":"ok","ts":"2026-10-05T16:42:37.074Z","uptime_seconds":3449,"memory":{"rss_mb":263.3,"heap_used_mb":130.5,"heap_total_mb":174.2},"node":"v20.20.2","pid":9,"db":"up","redis":"up","sse_clients":0,"console_clients":2,"level_counts":{"info":500}}
health: {"status":"ok","ts":"2026-10-05T16:42:42.079Z","uptime_seconds":3454,"memory":{"rss_mb":262.5,"heap_used_mb":115.8,"heap_total_mb":173.2},"node":"v20.20.2","pid":9,"db":"up","redis":"up","sse_clients":0,"console_clients":2,"level_counts":{"info":500}}
health: {"status":"ok","ts":"2026-10-05T16:42:47.074Z","uptime_seconds":3459,"memory":{"rss_mb":262.3,"heap_used_mb":111.9,"heap_total_mb":173.2},"node":"v20.20.2","pid":9,"db":"up","redis":"up","sse_clients":0,"console_clients":2,"level_counts":{"info":500}}
health: {"status":"ok","ts":"2026-10-05T16:42:52.075Z","uptime_seconds":3464,"memory":{"rss_mb":262.5,"heap_used_mb":126.2,"heap_total_mb":173.2},"node":"v20.20.2","pid":9,"db":"up","redis":"up","sse_clients":0,"console_clients":2,"level_counts":{"info":500}}
health: {"status":"ok","ts":"2026-10-05T16:42:57.081Z","uptime_seconds":3469,"memory":{"rss_mb":262.3,"heap_used_mb":121.2,"heap_total_mb":173.2},"node":"v20.20.2","pid":9,"db":"up","redis":"up","sse_clients":0,"console_clients":2,"level_counts":{"info":500}}
health: {"status":"ok","ts":"2026-10-05T16:43:02.075Z","uptime_seconds":3474,"memory":{"rss_mb":262.3,"heap_used_mb":128.5,"heap_total_mb":173.2},"node":"v20.20.2","pid":9,"db":"up","redis":"up","sse_clients":0,"console_clients":2,"level_counts":{"info":500}}
health: {"status":"ok","ts":"2026-10-05T16:43:07.077Z","uptime_seconds":3479,"memory":{"rss_mb":262.4,"heap_used_mb":133.3,"heap_total_mb":173.2},"node":"v20.20.2","pid":9,"db":"up","redis":"up","sse_clients":0,"console_clients":2,"level_counts":{"info":500}}
health: {"status":"ok","ts":"2026-10-05T16:43:12.082Z","uptime_seconds":3484,"memory":{"rss_mb":264,"heap_used_mb":113.6,"heap_total_mb":175.2},"node":"v20.20.2","pid":9,"db":"up","redis":"up","sse_clients":0,"console_clients":2,"level_counts":{"info":500}}
health: {"status":"ok","ts":"2026-10-05T16:43:17.080Z","uptime_seconds":3489,"memory":{"rss_mb":264,"heap_used_mb":121.8,"heap_total_mb":175.2},"node":"v20.20.2","pid":9,"db":"up","redis":"up","sse_clients":0,"console_clients":2,"level_counts":{"info":500}}
health: {"status":"ok","ts":"2026-10-05T16:43:22.080Z","uptime_seconds":3494,"memory":{"rss_mb":263.9,"heap_used_mb":125.8,"heap_total_mb":175.2},"node":"v20.20.2","pid":9,"db":"up","redis":"up","sse_clients":0,"console_clients":2,"level_counts":{"info":500}}
health: {"status":"ok","ts":"2026-10-05T16:43:27.084Z","uptime_seconds":3499,"memory":{"rss_mb":264.1,"heap_used_mb":130.7,"heap_total_mb":175.2},"node":"v20.20.2","pid":9,"db":"up","redis":"up","sse_clients":0,"console_clients":2,"level_counts":{"info":500}}
health: {"status":"ok","ts":"2026-10-05T16:43:32.080Z","uptime_seconds":3504,"memory":{"rss_mb":263.8,"heap_used_mb":129.1,"heap_total_mb":175.2},"node":"v20.20.2","pid":9,"db":"up","redis":"up","sse_clients":0,"console_clients":2,"level_counts":{"info":500}}
health: {"status":"ok","ts":"2026-10-05T16:43:37.080Z","uptime_seconds":3509,"memory":{"rss_mb":263.9,"heap_used_mb":136.2,"heap_total_mb":175.2},"node":"v20.20.2","pid":9,"db":"up","redis":"up","sse_clients":0,"console_clients":2,"level_counts":{"info":500}}
health: {"status":"ok","ts":"2026-10-05T16:43:42.092Z","uptime_seconds":3514,"memory":{"rss_mb":264.5,"heap_used_mb":140.3,"heap_total_mb":175.9},"node":"v20.20.2","pid":9,"db":"up","redis":"up","sse_clients":0,"console_clients":2,"level_counts":{"info":500}}
health: {"status":"ok","ts":"2026-10-05T16:43:47.087Z","uptime_seconds":3519,"memory":{"rss_mb":267.6,"heap_used_mb":118,"heap_total_mb":178.9},"node":"v20.20.2","pid":9,"db":"up","redis":"up","sse_clients":0,"console_clients":2,"level_counts":{"info":500}}
health: {"status":"ok","ts":"2026-10-05T16:43:52.087Z","uptime_seconds":3524,"memory":{"rss_mb":267.2,"heap_used_mb":117,"heap_total_mb":178.9},"node":"v20.20.2","pid":9,"db":"up","redis":"up","sse_clients":0,"console_clients":2,"level_counts":{"info":500}}
health: {"status":"ok","ts":"2026-10-05T16:43:57.098Z","uptime_seconds":3529,"memory":{"rss_mb":267.5,"heap_used_mb":123.1,"heap_total_mb":178.9},"node":"v20.20.2","pid":9,"db":"up","redis":"up","sse_clients":0,"console_clients":2,"level_counts":{"info":500}}
health: {"status":"ok","ts":"2026-10-05T16:44:02.095Z","uptime_seconds":3534,"memory":{"rss_mb":267.7,"heap_used_mb":129.6,"heap_total_mb":178.9},"node":"v20.20.2","pid":9,"db":"up","redis":"up","sse_clients":0,"console_clients":2,"level_counts":{"info":500}}
health: {"status":"ok","ts":"2026-10-05T16:44:07.096Z","uptime_seconds":3539,"memory":{"rss_mb":260.4,"heap_used_mb":120,"heap_total_mb":171.4},"node":"v20.20.2","pid":9,"db":"up","redis":"up","sse_clients":0,"console_clients":2,"level_counts":{"info":500}}
health: {"status":"ok","ts":"2026-10-05T16:44:12.105Z","uptime_seconds":3544,"memory":{"rss_mb":259.9,"heap_used_mb":116.5,"heap_total_mb":171.4},"node":"v20.20.2","pid":9,"db":"up","redis":"up","sse_clients":0,"console_clients":2,"level_counts":{"info":500}}
health: {"status":"ok","ts":"2026-10-05T16:44:17.097Z","uptime_seconds":3549,"memory":{"rss_mb":260.2,"heap_used_mb":127.3,"heap_total_mb":171.4},"node":"v20.20.2","pid":9,"db":"up","redis":"up","sse_clients":0,"console_clients":2,"level_counts":{"info":500}}
health: {"status":"ok","ts":"2026-10-05T16:44:22.101Z","uptime_seconds":3554,"memory":{"rss_mb":259.9,"heap_used_mb":126.6,"heap_total_mb":171.4},"node":"v20.20.2","pid":9,"db":"up","redis":"up","sse_clients":0,"console_clients":2,"level_counts":{"info":500}}
health: {"status":"ok","ts":"2026-10-05T16:44:27.111Z","uptime_seconds":3559,"memory":{"rss_mb":260.7,"heap_used_mb":135.3,"heap_total_mb":171.9},"node":"v20.20.2","pid":9,"db":"up","redis":"up","sse_clients":0,"console_clients":2,"level_counts":{"info":500}}
health: {"status":"ok","ts":"2026-10-05T16:44:32.109Z","uptime_seconds":3564,"memory":{"rss_mb":261.8,"heap_used_mb":120,"heap_total_mb":173.2},"node":"v20.20.2","pid":9,"db":"up","redis":"up","sse_clients":0,"console_clients":2,"level_counts":{"info":500}}
health: {"status":"ok","ts":"2026-10-05T16:44:37.113Z","uptime_seconds":3569,"memory":{"rss_mb":261.9,"heap_used_mb":117.8,"heap_total_mb":173.2},"node":"v20.20.2","pid":9,"db":"up","redis":"up","sse_clients":0,"console_clients":2,"level_counts":{"info":500}}
health: {"status":"ok","ts":"2026-10-05T16:44:42.118Z","uptime_seconds":3574,"memory":{"rss_mb":261.8,"heap_used_mb":121.3,"heap_total_mb":173.2},"node":"v20.20.2","pid":9,"db":"up","redis":"up","sse_clients":0,"console_clients":2,"level_counts":{"info":500}}
health: {"status":"ok","ts":"2026-10-05T16:44:47.113Z","uptime_seconds":3579,"memory":{"rss_mb":261.7,"heap_used_mb":123.5,"heap_total_mb":173.2},"node":"v20.20.2","pid":9,"db":"up","redis":"up","sse_clients":0,"console_clients":2,"level_counts":{"info":500}}
health: {"status":"ok","ts":"2026-10-05T16:44:52.113Z","uptime_seconds":3584,"memory":{"rss_mb":261.6,"heap_used_mb":131.4,"heap_total_mb":173.2},"node":"v20.20.2","pid":9,"db":"up","redis":"up","sse_clients":0,"console_clients":2,"level_counts":{"info":500}}
health: {"status":"ok","ts":"2026-10-05T16:44:57.128Z","uptime_seconds":3589,"memory":{"rss_mb":261.4,"heap_used_mb":127.7,"heap_total_mb":173.2},"node":"v20.20.2","pid":9,"db":"up","redis":"up","sse_clients":0,"console_clients":2,"level_counts":{"info":500}}
health: {"status":"ok","ts":"2026-10-05T16:45:02.116Z","uptime_seconds":3594,"memory":{"rss_mb":261.4,"heap_used_mb":135.8,"heap_total_mb":173.2},"node":"v20.20.2","pid":9,"db":"up","redis":"up","sse_clients":0,"console_clients":2,"level_counts":{"info":500}}
health: {"status":"ok","ts":"2026-10-05T16:45:07.117Z","uptime_seconds":3599,"memory":{"rss_mb":261.5,"heap_used_mb":127.5,"heap_total_mb":173.2},"node":"v20.20.2","pid":9,"db":"up","redis":"up","sse_clients":0,"console_clients":2,"level_counts":{"info":500}}
health: {"status":"ok","ts":"2026-10-05T16:45:12.124Z","uptime_seconds":3604,"memory":{"rss_mb":261.5,"heap_used_mb":134.9,"heap_total_mb":173.2},"node":"v20.20.2","pid":9,"db":"up","redis":"up","sse_clients":0,"console_clients":2,"level_counts":{"info":500}}
health: {"status":"ok","ts":"2026-10-05T16:45:17.118Z","uptime_seconds":3609,"memory":{"rss_mb":261.5,"heap_used_mb":129.7,"heap_total_mb":173.2},"node":"v20.20.2","pid":9,"db":"up","redis":"up","sse_clients":0,"console_clients":2,"level_counts":{"info":500}}
health: {"status":"ok","ts":"2026-10-05T16:45:22.118Z","uptime_seconds":3614,"memory":{"rss_mb":261.5,"heap_used_mb":130,"heap_total_mb":173.2},"node":"v20.20.2","pid":9,"db":"up","redis":"up","sse_clients":0,"console_clients":2,"level_counts":{"info":500}}
health: {"status":"ok","ts":"2026-10-05T16:45:27.128Z","uptime_seconds":3619,"memory":{"rss_mb":261.5,"heap_used_mb":137.1,"heap_total_mb":173.2},"node":"v20.20.2","pid":9,"db":"up","redis":"up","sse_clients":0,"console_clients":2,"level_counts":{"info":500}}
health: {"status":"ok","ts":"2026-10-05T16:45:32.119Z","uptime_seconds":3624,"memory":{"rss_mb":262.3,"heap_used_mb":133.1,"heap_total_mb":173.7},"node":"v20.20.2","pid":9,"db":"up","redis":"up","sse_clients":0,"console_clients":2,"level_counts":{"info":500}}
health: {"status":"ok","ts":"2026-10-05T16:45:37.119Z","uptime_seconds":3629,"memory":{"rss_mb":261.8,"heap_used_mb":113.2,"heap_total_mb":173.7},"node":"v20.20.2","pid":9,"db":"up","redis":"up","sse_clients":0,"console_clients":2,"level_counts":{"info":500}}
health: {"status":"ok","ts":"2026-10-05T16:45:42.123Z","uptime_seconds":3634,"memory":{"rss_mb":261.8,"heap_used_mb":119.8,"heap_total_mb":173.7},"node":"v20.20.2","pid":9,"db":"up","redis":"up","sse_clients":0,"console_clients":2,"level_counts":{"info":500}}
health: {"status":"ok","ts":"2026-10-05T16:45:47.119Z","uptime_seconds":3639,"memory":{"rss_mb":261.8,"heap_used_mb":109.9,"heap_total_mb":173.7},"node":"v20.20.2","pid":9,"db":"up","redis":"up","sse_clients":0,"console_clients":2,"level_counts":{"info":500}}
health: {"status":"ok","ts":"2026-10-05T16:45:52.119Z","uptime_seconds":3644,"memory":{"rss_mb":262,"heap_used_mb":116.7,"heap_total_mb":173.7},"node":"v20.20.2","pid":9,"db":"up","redis":"up","sse_clients":0,"console_clients":2,"level_counts":{"info":500}}
health: {"status":"ok","ts":"2026-10-05T16:45:57.125Z","uptime_seconds":3649,"memory":{"rss_mb":262,"heap_used_mb":121.9,"heap_total_mb":173.7},"node":"v20.20.2","pid":9,"db":"up","redis":"up","sse_clients":0,"console_clients":2,"level_counts":{"info":500}}
health: {"status":"ok","ts":"2026-10-05T16:46:02.122Z","uptime_seconds":3654,"memory":{"rss_mb":261.7,"heap_used_mb":116.8,"heap_total_mb":173.7},"node":"v20.20.2","pid":9,"db":"up","redis":"up","sse_clients":0,"console_clients":2,"level_counts":{"info":500}}
health: {"status":"ok","ts":"2026-10-05T16:46:07.121Z","uptime_seconds":3659,"memory":{"rss_mb":262.2,"heap_used_mb":121.7,"heap_total_mb":173.7},"node":"v20.20.2","pid":9,"db":"up","redis":"up","sse_clients":0,"console_clients":2,"level_counts":{"info":500}}
health: {"status":"ok","ts":"2026-10-05T16:46:12.127Z","uptime_seconds":3664,"memory":{"rss_mb":254.5,"heap_used_mb":115.8,"heap_total_mb":165.9},"node":"v20.20.2","pid":9,"db":"up","redis":"up","sse_clients":0,"console_clients":2,"level_counts":{"info":500}}
health: {"status":"ok","ts":"2026-10-05T16:46:17.122Z","uptime_seconds":3669,"memory":{"rss_mb":254.6,"heap_used_mb":109.8,"heap_total_mb":165.9},"node":"v20.20.2","pid":9,"db":"up","redis":"up","sse_clients":0,"console_clients":2,"level_counts":{"info":500}}
health: {"status":"ok","ts":"2026-10-05T16:46:22.122Z","uptime_seconds":3674,"memory":{"rss_mb":254.4,"heap_used_mb":112,"heap_total_mb":165.9},"node":"v20.20.2","pid":9,"db":"up","redis":"up","sse_clients":0,"console_clients":2,"level_counts":{"info":500}}
health: {"status":"ok","ts":"2026-10-05T16:46:27.128Z","uptime_seconds":3679,"memory":{"rss_mb":254.8,"heap_used_mb":115.1,"heap_total_mb":165.9},"node":"v20.20.2","pid":9,"db":"up","redis":"up","sse_clients":0,"console_clients":2,"level_counts":{"info":500}}
health: {"status":"ok","ts":"2026-10-05T16:46:32.123Z","uptime_seconds":3684,"memory":{"rss_mb":254.8,"heap_used_mb":123.1,"heap_total_mb":165.9},"node":"v20.20.2","pid":9,"db":"up","redis":"up","sse_clients":0,"console_clients":2,"level_counts":{"info":500}}
health: {"status":"ok","ts":"2026-10-05T16:46:37.125Z","uptime_seconds":3689,"memory":{"rss_mb":254.3,"heap_used_mb":118.7,"heap_total_mb":165.4},"node":"v20.20.2","pid":9,"db":"up","redis":"up","sse_clients":0,"console_clients":2,"level_counts":{"info":500}}
health: {"status":"ok","ts":"2026-10-05T16:46:42.129Z","uptime_seconds":3694,"memory":{"rss_mb":254.6,"heap_used_mb":123.3,"heap_total_mb":165.4},"node":"v20.20.2","pid":9,"db":"up","redis":"up","sse_clients":0,"console_clients":2,"level_counts":{"info":500}}
health: {"status":"ok","ts":"2026-10-05T16:46:47.126Z","uptime_seconds":3699,"memory":{"rss_mb":254.4,"heap_used_mb":123.4,"heap_total_mb":165.4},"node":"v20.20.2","pid":9,"db":"up","redis":"up","sse_clients":0,"console_clients":2,"level_counts":{"info":500}}
health: {"status":"ok","ts":"2026-10-05T16:46:52.125Z","uptime_seconds":3704,"memory":{"rss_mb":255.9,"heap_used_mb":125.5,"heap_total_mb":167.7},"node":"v20.20.2","pid":9,"db":"up","redis":"up","sse_clients":0,"console_clients":2,"level_counts":{"info":500}}
health: {"status":"ok","ts":"2026-10-05T16:46:57.130Z","uptime_seconds":3709,"memory":{"rss_mb":260.5,"heap_used_mb":117.1,"heap_total_mb":171.9},"node":"v20.20.2","pid":9,"db":"up","redis":"up","sse_clients":0,"console_clients":2,"level_counts":{"info":500}}
health: {"status":"ok","ts":"2026-10-05T16:47:02.125Z","uptime_seconds":3714,"memory":{"rss_mb":260.5,"heap_used_mb":118.5,"heap_total_mb":171.9},"node":"v20.20.2","pid":9,"db":"up","redis":"up","sse_clients":0,"console_clients":2,"level_counts":{"info":500}}
health: {"status":"ok","ts":"2026-10-05T16:47:07.127Z","uptime_seconds":3719,"memory":{"rss_mb":260.3,"heap_used_mb":117.2,"heap_total_mb":171.9},"node":"v20.20.2","pid":9,"db":"up","redis":"up","sse_clients":0,"console_clients":2,"level_counts":{"info":500}}
health: {"status":"ok","ts":"2026-10-05T16:47:12.131Z","uptime_seconds":3724,"memory":{"rss_mb":260.9,"heap_used_mb":125.1,"heap_total_mb":171.9},"node":"v20.20.2","pid":9,"db":"up","redis":"up","sse_clients":0,"console_clients":2,"level_counts":{"info":500}}
health: {"status":"ok","ts":"2026-10-05T16:47:17.127Z","uptime_seconds":3729,"memory":{"rss_mb":261.2,"heap_used_mb":133.2,"heap_total_mb":171.9},"node":"v20.20.2","pid":9,"db":"up","redis":"up","sse_clients":0,"console_clients":2,"level_counts":{"info":500}}
health: {"status":"ok","ts":"2026-10-05T16:47:22.128Z","uptime_seconds":3734,"memory":{"rss_mb":261.1,"heap_used_mb":136.4,"heap_total_mb":171.9},"node":"v20.20.2","pid":9,"db":"up","redis":"up","sse_clients":0,"console_clients":2,"level_counts":{"info":500}}
health: {"status":"ok","ts":"2026-10-05T16:47:27.133Z","uptime_seconds":3739,"memory":{"rss_mb":263.2,"heap_used_mb":133.2,"heap_total_mb":174.4},"node":"v20.20.2","pid":9,"db":"up","redis":"up","sse_clients":0,"console_clients":2,"level_counts":{"info":500}}
health: {"status":"ok","ts":"2026-10-05T16:47:32.130Z","uptime_seconds":3744,"memory":{"rss_mb":266.1,"heap_used_mb":137.4,"heap_total_mb":177.2},"node":"v20.20.2","pid":9,"db":"up","redis":"up","sse_clients":0,"console_clients":2,"level_counts":{"info":500}}
health: {"status":"ok","ts":"2026-10-05T16:47:37.130Z","uptime_seconds":3749,"memory":{"rss_mb":269.2,"heap_used_mb":146.4,"heap_total_mb":179.4},"node":"v20.20.2","pid":9,"db":"up","redis":"up","sse_clients":0,"console_clients":2,"level_counts":{"info":500}}
health: {"status":"ok","ts":"2026-10-05T16:47:42.135Z","uptime_seconds":3754,"memory":{"rss_mb":271.6,"heap_used_mb":142.9,"heap_total_mb":182.4},"node":"v20.20.2","pid":9,"db":"up","redis":"up","sse_clients":0,"console_clients":2,"level_counts":{"info":500}}
health: {"status":"ok","ts":"2026-10-05T16:47:47.130Z","uptime_seconds":3759,"memory":{"rss_mb":273.8,"heap_used_mb":152.2,"heap_total_mb":184.7},"node":"v20.20.2","pid":9,"db":"up","redis":"up","sse_clients":0,"console_clients":2,"level_counts":{"info":500}}
health: {"status":"ok","ts":"2026-10-05T16:47:52.133Z","uptime_seconds":3764,"memory":{"rss_mb":276.4,"heap_used_mb":153.1,"heap_total_mb":187.4},"node":"v20.20.2","pid":9,"db":"up","redis":"up","sse_clients":0,"console_clients":2,"level_counts":{"info":500}}
health: {"status":"ok","ts":"2026-10-05T16:47:57.145Z","uptime_seconds":3769,"memory":{"rss_mb":277.1,"heap_used_mb":107.5,"heap_total_mb":188.4},"node":"v20.20.2","pid":9,"db":"up","redis":"up","sse_clients":0,"console_clients":2,"level_counts":{"info":500}}
health: {"status":"ok","ts":"2026-10-05T16:48:02.146Z","uptime_seconds":3774,"memory":{"rss_mb":277.6,"heap_used_mb":117,"heap_total_mb":188.4},"node":"v20.20.2","pid":9,"db":"up","redis":"up","sse_clients":0,"console_clients":2,"level_counts":{"info":500}}
health: {"status":"ok","ts":"2026-10-05T16:48:07.146Z","uptime_seconds":3779,"memory":{"rss_mb":277.2,"heap_used_mb":112.7,"heap_total_mb":188.4},"node":"v20.20.2","pid":9,"db":"up","redis":"up","sse_clients":0,"console_clients":2,"level_counts":{"info":500}}
health: {"status":"ok","ts":"2026-10-05T16:48:12.151Z","uptime_seconds":3784,"memory":{"rss_mb":277.8,"heap_used_mb":123.1,"heap_total_mb":188.4},"node":"v20.20.2","pid":9,"db":"up","redis":"up","sse_clients":0,"console_clients":2,"level_counts":{"info":500}}
health: {"status":"ok","ts":"2026-10-05T16:48:17.146Z","uptime_seconds":3789,"memory":{"rss_mb":277.4,"heap_used_mb":120.3,"heap_total_mb":188.4},"node":"v20.20.2","pid":9,"db":"up","redis":"up","sse_clients":0,"console_clients":2,"level_counts":{"info":500}}
health: {"status":"ok","ts":"2026-10-05T16:48:22.146Z","uptime_seconds":3794,"memory":{"rss_mb":277.6,"heap_used_mb":132.3,"heap_total_mb":188.4},"node":"v20.20.2","pid":9,"db":"up","redis":"up","sse_clients":0,"console_clients":2,"level_counts":{"info":500}}
health: {"status":"ok","ts":"2026-10-05T16:48:27.152Z","uptime_seconds":3799,"memory":{"rss_mb":277.4,"heap_used_mb":129.6,"heap_total_mb":188.4},"node":"v20.20.2","pid":9,"db":"up","redis":"up","sse_clients":0,"console_clients":2,"level_counts":{"info":500}}
health: {"status":"ok","ts":"2026-10-05T16:48:32.147Z","uptime_seconds":3804,"memory":{"rss_mb":277.4,"heap_used_mb":133.7,"heap_total_mb":188.4},"node":"v20.20.2","pid":9,"db":"up","redis":"up","sse_clients":0,"console_clients":2,"level_counts":{"info":500}}
health: {"status":"ok","ts":"2026-10-05T16:48:37.147Z","uptime_seconds":3809,"memory":{"rss_mb":267,"heap_used_mb":116.3,"heap_total_mb":177.9},"node":"v20.20.2","pid":9,"db":"up","redis":"up","sse_clients":0,"console_clients":2,"level_counts":{"info":500}}
health: {"status":"ok","ts":"2026-10-05T16:48:42.152Z","uptime_seconds":3814,"memory":{"rss_mb":267,"heap_used_mb":118.8,"heap_total_mb":177.9},"node":"v20.20.2","pid":9,"db":"up","redis":"up","sse_clients":0,"console_clients":2,"level_counts":{"info":500}}
health: {"status":"ok","ts":"2026-10-05T16:48:47.148Z","uptime_seconds":3819,"memory":{"rss_mb":266.8,"heap_used_mb":116.3,"heap_total_mb":177.9},"node":"v20.20.2","pid":9,"db":"up","redis":"up","sse_clients":0,"console_clients":2,"level_counts":{"info":500}}
health: {"status":"ok","ts":"2026-10-05T16:48:52.149Z","uptime_seconds":3824,"memory":{"rss_mb":267.1,"heap_used_mb":124.9,"heap_total_mb":177.9},"node":"v20.20.2","pid":9,"db":"up","redis":"up","sse_clients":0,"console_clients":2,"level_counts":{"info":500}}
health: {"status":"ok","ts":"2026-10-05T16:48:57.155Z","uptime_seconds":3829,"memory":{"rss_mb":267.1,"heap_used_mb":123.1,"heap_total_mb":177.9},"node":"v20.20.2","pid":9,"db":"up","redis":"up","sse_clients":0,"console_clients":2,"level_counts":{"info":500}}
health: {"status":"ok","ts":"2026-10-05T16:49:02.148Z","uptime_seconds":3834,"memory":{"rss_mb":267.1,"heap_used_mb":128,"heap_total_mb":177.9},"node":"v20.20.2","pid":9,"db":"up","redis":"up","sse_clients":0,"console_clients":2,"level_counts":{"info":500}}
health: {"status":"ok","ts":"2026-10-05T16:49:07.148Z","uptime_seconds":3839,"memory":{"rss_mb":267.4,"heap_used_mb":135,"heap_total_mb":177.9},"node":"v20.20.2","pid":9,"db":"up","redis":"up","sse_clients":0,"console_clients":2,"level_counts":{"info":500}}
health: {"status":"ok","ts":"2026-10-05T16:49:12.154Z","uptime_seconds":3844,"memory":{"rss_mb":262.7,"heap_used_mb":119.7,"heap_total_mb":173.2},"node":"v20.20.2","pid":9,"db":"up","redis":"up","sse_clients":0,"console_clients":2,"level_counts":{"info":500}}
health: {"status":"ok","ts":"2026-10-05T16:49:17.148Z","uptime_seconds":3849,"memory":{"rss_mb":262.5,"heap_used_mb":114.6,"heap_total_mb":173.2},"node":"v20.20.2","pid":9,"db":"up","redis":"up","sse_clients":0,"console_clients":2,"level_counts":{"info":500}}
health: {"status":"ok","ts":"2026-10-05T16:49:22.148Z","uptime_seconds":3854,"memory":{"rss_mb":262.5,"heap_used_mb":122.1,"heap_total_mb":173.2},"node":"v20.20.2","pid":9,"db":"up","redis":"up","sse_clients":0,"console_clients":2,"level_counts":{"info":500}}
health: {"status":"ok","ts":"2026-10-05T16:49:27.151Z","uptime_seconds":3859,"memory":{"rss_mb":262.4,"heap_used_mb":120.6,"heap_total_mb":173.2},"node":"v20.20.2","pid":9,"db":"up","redis":"up","sse_clients":0,"console_clients":2,"level_counts":{"info":500}}
health: {"status":"ok","ts":"2026-10-05T16:49:32.149Z","uptime_seconds":3864,"memory":{"rss_mb":262.7,"heap_used_mb":129.3,"heap_total_mb":173.2},"node":"v20.20.2","pid":9,"db":"up","redis":"up","sse_clients":0,"console_clients":2,"level_counts":{"info":500}}
health: {"status":"ok","ts":"2026-10-05T16:49:37.149Z","uptime_seconds":3869,"memory":{"rss_mb":262.8,"heap_used_mb":133.4,"heap_total_mb":173.2},"node":"v20.20.2","pid":9,"db":"up","redis":"up","sse_clients":0,"console_clients":2,"level_counts":{"info":500}}
health: {"status":"ok","ts":"2026-10-05T16:49:42.153Z","uptime_seconds":3874,"memory":{"rss_mb":259.8,"heap_used_mb":109.8,"heap_total_mb":170.7},"node":"v20.20.2","pid":9,"db":"up","redis":"up","sse_clients":0,"console_clients":2,"level_counts":{"info":500}}
health: {"status":"ok","ts":"2026-10-05T16:49:47.149Z","uptime_seconds":3879,"memory":{"rss_mb":259.8,"heap_used_mb":116.3,"heap_total_mb":170.7},"node":"v20.20.2","pid":9,"db":"up","redis":"up","sse_clients":0,"console_clients":2,"level_counts":{"info":500}}
health: {"status":"ok","ts":"2026-10-05T16:49:52.149Z","uptime_seconds":3884,"memory":{"rss_mb":260.2,"heap_used_mb":125.2,"heap_total_mb":170.7},"node":"v20.20.2","pid":9,"db":"up","redis":"up","sse_clients":0,"console_clients":2,"level_counts":{"info":500}}
health: {"status":"ok","ts":"2026-10-05T16:49:57.154Z","uptime_seconds":3889,"memory":{"rss_mb":260,"heap_used_mb":120.9,"heap_total_mb":170.7},"node":"v20.20.2","pid":9,"db":"up","redis":"up","sse_clients":0,"console_clients":2,"level_counts":{"info":500}}
health: {"status":"ok","ts":"2026-10-05T16:50:02.152Z","uptime_seconds":3894,"memory":{"rss_mb":260.4,"heap_used_mb":126.7,"heap_total_mb":170.7},"node":"v20.20.2","pid":9,"db":"up","redis":"up","sse_clients":0,"console_clients":2,"level_counts":{"info":500}}
health: {"status":"ok","ts":"2026-10-05T16:50:07.153Z","uptime_seconds":3899,"memory":{"rss_mb":257.4,"heap_used_mb":119.2,"heap_total_mb":167.7},"node":"v20.20.2","pid":9,"db":"up","redis":"up","sse_clients":0,"console_clients":2,"level_counts":{"info":500}}
health: {"status":"ok","ts":"2026-10-05T16:50:12.157Z","uptime_seconds":3904,"memory":{"rss_mb":257.3,"heap_used_mb":116.7,"heap_total_mb":167.7},"node":"v20.20.2","pid":9,"db":"up","redis":"up","sse_clients":0,"console_clients":2,"level_counts":{"info":500}}
health: {"status":"ok","ts":"2026-10-05T16:50:17.162Z","uptime_seconds":3909,"memory":{"rss_mb":257.3,"heap_used_mb":122.7,"heap_total_mb":167.7},"node":"v20.20.2","pid":9,"db":"up","redis":"up","sse_clients":0,"console_clients":2,"level_counts":{"info":500}}
health: {"status":"ok","ts":"2026-10-05T16:50:22.164Z","uptime_seconds":3914,"memory":{"rss_mb":257,"heap_used_mb":119.4,"heap_total_mb":167.7},"node":"v20.20.2","pid":9,"db":"up","redis":"up","sse_clients":0,"console_clients":2,"level_counts":{"info":500}}
health: {"status":"ok","ts":"2026-10-05T16:50:27.169Z","uptime_seconds":3919,"memory":{"rss_mb":257.2,"heap_used_mb":125.8,"heap_total_mb":167.7},"node":"v20.20.2","pid":9,"db":"up","redis":"up","sse_clients":0,"console_clients":2,"level_counts":{"info":500}}
health: {"status":"ok","ts":"2026-10-05T16:50:32.164Z","uptime_seconds":3924,"memory":{"rss_mb":257.2,"heap_used_mb":127.5,"heap_total_mb":167.7},"node":"v20.20.2","pid":9,"db":"up","redis":"up","sse_clients":0,"console_clients":2,"level_counts":{"info":500}}
health: {"status":"ok","ts":"2026-10-05T16:50:37.165Z","uptime_seconds":3929,"memory":{"rss_mb":259.4,"heap_used_mb":133.8,"heap_total_mb":169.9},"node":"v20.20.2","pid":9,"db":"up","redis":"up","sse_clients":0,"console_clients":2,"level_counts":{"info":500}}
health: {"status":"ok","ts":"2026-10-05T16:50:42.168Z","uptime_seconds":3934,"memory":{"rss_mb":259.8,"heap_used_mb":118.8,"heap_total_mb":170.4},"node":"v20.20.2","pid":9,"db":"up","redis":"up","sse_clients":0,"console_clients":2,"level_counts":{"info":500}}
health: {"status":"ok","ts":"2026-10-05T16:50:47.164Z","uptime_seconds":3939,"memory":{"rss_mb":259.5,"heap_used_mb":113.2,"heap_total_mb":170.4},"node":"v20.20.2","pid":9,"db":"up","redis":"up","sse_clients":0,"console_clients":2,"level_counts":{"info":500}}
health: {"status":"ok","ts":"2026-10-05T16:50:52.164Z","uptime_seconds":3944,"memory":{"rss_mb":260,"heap_used_mb":125.9,"heap_total_mb":170.4},"node":"v20.20.2","pid":9,"db":"up","redis":"up","sse_clients":0,"console_clients":2,"level_counts":{"info":500}}
health: {"status":"ok","ts":"2026-10-05T16:50:57.176Z","uptime_seconds":3949,"memory":{"rss_mb":259.7,"heap_used_mb":122.6,"heap_total_mb":170.4},"node":"v20.20.2","pid":9,"db":"up","redis":"up","sse_clients":0,"console_clients":2,"level_counts":{"info":500}}
health: {"status":"ok","ts":"2026-10-05T16:51:02.166Z","uptime_seconds":3954,"memory":{"rss_mb":259.6,"heap_used_mb":123,"heap_total_mb":170.4},"node":"v20.20.2","pid":9,"db":"up","redis":"up","sse_clients":0,"console_clients":2,"level_counts":{"info":500}}
health: {"status":"ok","ts":"2026-10-05T16:51:07.168Z","uptime_seconds":3959,"memory":{"rss_mb":259.6,"heap_used_mb":125.9,"heap_total_mb":170.4},"node":"v20.20.2","pid":9,"db":"up","redis":"up","sse_clients":0,"console_clients":2,"level_counts":{"info":500}}
health: {"status":"ok","ts":"2026-10-05T16:51:12.177Z","uptime_seconds":3964,"memory":{"rss_mb":259.8,"heap_used_mb":136.3,"heap_total_mb":170.4},"node":"v20.20.2","pid":9,"db":"up","redis":"up","sse_clients":0,"console_clients":2,"level_counts":{"info":500}}
health: {"status":"ok","ts":"2026-10-05T16:51:17.174Z","uptime_seconds":3969,"memory":{"rss_mb":262.3,"heap_used_mb":139.7,"heap_total_mb":172.7},"node":"v20.20.2","pid":9,"db":"up","redis":"up","sse_clients":0,"console_clients":2,"level_counts":{"info":500}}
health: {"status":"ok","ts":"2026-10-05T16:51:22.174Z","uptime_seconds":3974,"memory":{"rss_mb":264.1,"heap_used_mb":141.3,"heap_total_mb":174.7},"node":"v20.20.2","pid":9,"db":"up","redis":"up","sse_clients":0,"console_clients":2,"level_counts":{"info":500}}
health: {"status":"ok","ts":"2026-10-05T16:51:27.180Z","uptime_seconds":3979,"memory":{"rss_mb":266.9,"heap_used_mb":136.6,"heap_total_mb":177.7},"node":"v20.20.2","pid":9,"db":"up","redis":"up","sse_clients":0,"console_clients":2,"level_counts":{"info":500}}
health: {"status":"ok","ts":"2026-10-05T16:51:32.175Z","uptime_seconds":3984,"memory":{"rss_mb":268.9,"heap_used_mb":113.2,"heap_total_mb":179.4},"node":"v20.20.2","pid":9,"db":"up","redis":"up","sse_clients":0,"console_clients":2,"level_counts":{"info":500}}
health: {"status":"ok","ts":"2026-10-05T16:51:37.175Z","uptime_seconds":3989,"memory":{"rss_mb":268.9,"heap_used_mb":120,"heap_total_mb":179.4},"node":"v20.20.2","pid":9,"db":"up","redis":"up","sse_clients":0,"console_clients":2,"level_counts":{"info":500}}
health: {"status":"ok","ts":"2026-10-05T16:51:42.180Z","uptime_seconds":3994,"memory":{"rss_mb":268.8,"heap_used_mb":121.4,"heap_total_mb":179.4},"node":"v20.20.2","pid":9,"db":"up","redis":"up","sse_clients":0,"console_clients":2,"level_counts":{"info":500}}
health: {"status":"ok","ts":"2026-10-05T16:51:47.176Z","uptime_seconds":3999,"memory":{"rss_mb":269,"heap_used_mb":125.6,"heap_total_mb":179.4},"node":"v20.20.2","pid":9,"db":"up","redis":"up","sse_clients":0,"console_clients":2,"level_counts":{"info":500}}
health: {"status":"ok","ts":"2026-10-05T16:51:52.176Z","uptime_seconds":4004,"memory":{"rss_mb":268.8,"heap_used_mb":123.3,"heap_total_mb":179.4},"node":"v20.20.2","pid":9,"db":"up","redis":"up","sse_clients":0,"console_clients":2,"level_counts":{"info":500}}
health: {"status":"ok","ts":"2026-10-05T16:51:57.182Z","uptime_seconds":4009,"memory":{"rss_mb":268.9,"heap_used_mb":129.7,"heap_total_mb":179.4},"node":"v20.20.2","pid":9,"db":"up","redis":"up","sse_clients":0,"console_clients":2,"level_counts":{"info":500}}
health: {"status":"ok","ts":"2026-10-05T16:52:02.178Z","uptime_seconds":4014,"memory":{"rss_mb":264.3,"heap_used_mb":108.4,"heap_total_mb":174.9},"node":"v20.20.2","pid":9,"db":"up","redis":"up","sse_clients":0,"console_clients":2,"level_counts":{"info":500}}
health: {"status":"ok","ts":"2026-10-05T16:52:07.180Z","uptime_seconds":4019,"memory":{"rss_mb":264.7,"heap_used_mb":118.7,"heap_total_mb":174.9},"node":"v20.20.2","pid":9,"db":"up","redis":"up","sse_clients":0,"console_clients":2,"level_counts":{"info":500}}
health: {"status":"ok","ts":"2026-10-05T16:52:12.191Z","uptime_seconds":4024,"memory":{"rss_mb":264.6,"heap_used_mb":123.2,"heap_total_mb":174.9},"node":"v20.20.2","pid":9,"db":"up","redis":"up","sse_clients":0,"console_clients":2,"level_counts":{"info":500}}
health: {"status":"ok","ts":"2026-10-05T16:52:17.183Z","uptime_seconds":4029,"memory":{"rss_mb":264.6,"heap_used_mb":126.5,"heap_total_mb":174.9},"node":"v20.20.2","pid":9,"db":"up","redis":"up","sse_clients":0,"console_clients":2,"level_counts":{"info":500}}
health: {"status":"ok","ts":"2026-10-05T16:52:22.184Z","uptime_seconds":4034,"memory":{"rss_mb":257.3,"heap_used_mb":112.3,"heap_total_mb":167.9},"node":"v20.20.2","pid":9,"db":"up","redis":"up","sse_clients":0,"console_clients":2,"level_counts":{"info":500}}
health: {"status":"ok","ts":"2026-10-05T16:52:27.189Z","uptime_seconds":4039,"memory":{"rss_mb":257.4,"heap_used_mb":115.6,"heap_total_mb":167.9},"node":"v20.20.2","pid":9,"db":"up","redis":"up","sse_clients":0,"console_clients":2,"level_counts":{"info":500}}
health: {"status":"ok","ts":"2026-10-05T16:52:32.184Z","uptime_seconds":4044,"memory":{"rss_mb":257.4,"heap_used_mb":118.3,"heap_total_mb":167.9},"node":"v20.20.2","pid":9,"db":"up","redis":"up","sse_clients":0,"console_clients":2,"level_counts":{"info":500}}
health: {"status":"ok","ts":"2026-10-05T16:52:37.184Z","uptime_seconds":4049,"memory":{"rss_mb":256.5,"heap_used_mb":110.1,"heap_total_mb":166.9},"node":"v20.20.2","pid":9,"db":"up","redis":"up","sse_clients":0,"console_clients":2,"level_counts":{"info":500}}
health: {"status":"ok","ts":"2026-10-05T16:52:42.188Z","uptime_seconds":4054,"memory":{"rss_mb":256.5,"heap_used_mb":114.2,"heap_total_mb":166.9},"node":"v20.20.2","pid":9,"db":"up","redis":"up","sse_clients":0,"console_clients":2,"level_counts":{"info":500}}
health: {"status":"ok","ts":"2026-10-05T16:52:47.184Z","uptime_seconds":4059,"memory":{"rss_mb":256.8,"heap_used_mb":118.6,"heap_total_mb":166.9},"node":"v20.20.2","pid":9,"db":"up","redis":"up","sse_clients":0,"console_clients":2,"level_counts":{"info":500}}
health: {"status":"ok","ts":"2026-10-05T16:52:52.184Z","uptime_seconds":4064,"memory":{"rss_mb":256.7,"heap_used_mb":124.1,"heap_total_mb":166.9},"node":"v20.20.2","pid":9,"db":"up","redis":"up","sse_clients":0,"console_clients":2,"level_counts":{"info":500}}
health: {"status":"ok","ts":"2026-10-05T16:52:57.190Z","uptime_seconds":4069,"memory":{"rss_mb":256.5,"heap_used_mb":118.8,"heap_total_mb":166.9},"node":"v20.20.2","pid":9,"db":"up","redis":"up","sse_clients":0,"console_clients":2,"level_counts":{"info":500}}
health: {"status":"ok","ts":"2026-10-05T16:53:02.185Z","uptime_seconds":4074,"memory":{"rss_mb":256.3,"heap_used_mb":117.4,"heap_total_mb":166.4},"node":"v20.20.2","pid":9,"db":"up","redis":"up","sse_clients":0,"console_clients":2,"level_counts":{"info":500}}
health: {"status":"ok","ts":"2026-10-05T16:53:07.184Z","uptime_seconds":4079,"memory":{"rss_mb":256.3,"heap_used_mb":121.3,"heap_total_mb":166.4},"node":"v20.20.2","pid":9,"db":"up","redis":"up","sse_clients":0,"console_clients":2,"level_counts":{"info":500}}
health: {"status":"ok","ts":"2026-10-05T16:53:12.188Z","uptime_seconds":4084,"memory":{"rss_mb":255.9,"heap_used_mb":116.4,"heap_total_mb":166.4},"node":"v20.20.2","pid":9,"db":"up","redis":"up","sse_clients":0,"console_clients":2,"level_counts":{"info":500}}
health: {"status":"ok","ts":"2026-10-05T16:53:17.185Z","uptime_seconds":4089,"memory":{"rss_mb":256.2,"heap_used_mb":123.4,"heap_total_mb":166.4},"node":"v20.20.2","pid":9,"db":"up","redis":"up","sse_clients":0,"console_clients":2,"level_counts":{"info":500}}
health: {"status":"ok","ts":"2026-10-05T16:53:22.186Z","uptime_seconds":4094,"memory":{"rss_mb":254.9,"heap_used_mb":117.7,"heap_total_mb":164.9},"node":"v20.20.2","pid":9,"db":"up","redis":"up","sse_clients":0,"console_clients":2,"level_counts":{"info":500}}
health: {"status":"ok","ts":"2026-10-05T16:53:27.193Z","uptime_seconds":4099,"memory":{"rss_mb":254.4,"heap_used_mb":112.2,"heap_total_mb":164.9},"node":"v20.20.2","pid":9,"db":"up","redis":"up","sse_clients":0,"console_clients":2,"level_counts":{"info":500}}
health: {"status":"ok","ts":"2026-10-05T16:53:32.185Z","uptime_seconds":4104,"memory":{"rss_mb":254.6,"heap_used_mb":117.6,"heap_total_mb":164.9},"node":"v20.20.2","pid":9,"db":"up","redis":"up","sse_clients":0,"console_clients":2,"level_counts":{"info":500}}
health: {"status":"ok","ts":"2026-10-05T16:53:37.192Z","uptime_seconds":4109,"memory":{"rss_mb":254.5,"heap_used_mb":119.8,"heap_total_mb":164.9},"node":"v20.20.2","pid":9,"db":"up","redis":"up","sse_clients":0,"console_clients":2,"level_counts":{"info":500}}
health: {"status":"ok","ts":"2026-10-05T16:53:42.202Z","uptime_seconds":4114,"memory":{"rss_mb":254.4,"heap_used_mb":109,"heap_total_mb":164.9},"node":"v20.20.2","pid":9,"db":"up","redis":"up","sse_clients":0,"console_clients":2,"level_counts":{"info":500}}
health: {"status":"ok","ts":"2026-10-05T16:53:47.193Z","uptime_seconds":4119,"memory":{"rss_mb":254.8,"heap_used_mb":115.1,"heap_total_mb":164.9},"node":"v20.20.2","pid":9,"db":"up","redis":"up","sse_clients":0,"console_clients":2,"level_counts":{"info":500}}
health: {"status":"ok","ts":"2026-10-05T16:53:52.193Z","uptime_seconds":4124,"memory":{"rss_mb":254.9,"heap_used_mb":121.2,"heap_total_mb":164.9},"node":"v20.20.2","pid":9,"db":"up","redis":"up","sse_clients":0,"console_clients":2,"level_counts":{"info":500}}
health: {"status":"ok","ts":"2026-10-05T16:53:57.197Z","uptime_seconds":4129,"memory":{"rss_mb":254.6,"heap_used_mb":118.2,"heap_total_mb":164.9},"node":"v20.20.2","pid":9,"db":"up","redis":"up","sse_clients":0,"console_clients":2,"level_counts":{"info":500}}
health: {"status":"ok","ts":"2026-10-05T16:54:02.194Z","uptime_seconds":4134,"memory":{"rss_mb":255.1,"heap_used_mb":117.7,"heap_total_mb":165.2},"node":"v20.20.2","pid":9,"db":"up","redis":"up","sse_clients":0,"console_clients":2,"level_counts":{"info":500}}
health: {"status":"ok","ts":"2026-10-05T16:54:07.196Z","uptime_seconds":4139,"memory":{"rss_mb":254.8,"heap_used_mb":117.3,"heap_total_mb":165.2},"node":"v20.20.2","pid":9,"db":"up","redis":"up","sse_clients":0,"console_clients":2,"level_counts":{"info":500}}
health: {"status":"ok","ts":"2026-10-05T16:54:12.205Z","uptime_seconds":4144,"memory":{"rss_mb":254.9,"heap_used_mb":123.5,"heap_total_mb":165.2},"node":"v20.20.2","pid":9,"db":"up","redis":"up","sse_clients":0,"console_clients":2,"level_counts":{"info":500}}
health: {"status":"ok","ts":"2026-10-05T16:54:17.197Z","uptime_seconds":4149,"memory":{"rss_mb":255.3,"heap_used_mb":118.6,"heap_total_mb":165.2},"node":"v20.20.2","pid":9,"db":"up","redis":"up","sse_clients":0,"console_clients":2,"level_counts":{"info":500}}
health: {"status":"ok","ts":"2026-10-05T16:54:22.197Z","uptime_seconds":4154,"memory":{"rss_mb":255.1,"heap_used_mb":116.3,"heap_total_mb":165.2},"node":"v20.20.2","pid":9,"db":"up","redis":"up","sse_clients":0,"console_clients":2,"level_counts":{"info":500}}
health: {"status":"ok","ts":"2026-10-05T16:54:27.201Z","uptime_seconds":4159,"memory":{"rss_mb":255.1,"heap_used_mb":121.2,"heap_total_mb":165.2},"node":"v20.20.2","pid":9,"db":"up","redis":"up","sse_clients":0,"console_clients":2,"level_counts":{"info":500}}
health: {"status":"ok","ts":"2026-10-05T16:54:32.198Z","uptime_seconds":4164,"memory":{"rss_mb":255.3,"heap_used_mb":126,"heap_total_mb":165.2},"node":"v20.20.2","pid":9,"db":"up","redis":"up","sse_clients":0,"console_clients":2,"level_counts":{"info":500}}
health: {"status":"ok","ts":"2026-10-05T16:54:37.199Z","uptime_seconds":4169,"memory":{"rss_mb":254.8,"heap_used_mb":118.6,"heap_total_mb":165.2},"node":"v20.20.2","pid":9,"db":"up","redis":"up","sse_clients":0,"console_clients":2,"level_counts":{"info":500}}
health: {"status":"ok","ts":"2026-10-05T16:54:42.203Z","uptime_seconds":4174,"memory":{"rss_mb":255.4,"heap_used_mb":117,"heap_total_mb":165.4},"node":"v20.20.2","pid":9,"db":"up","redis":"up","sse_clients":0,"console_clients":2,"level_counts":{"info":500}}
health: {"status":"ok","ts":"2026-10-05T16:54:47.200Z","uptime_seconds":4179,"memory":{"rss_mb":255.2,"heap_used_mb":118.9,"heap_total_mb":165.4},"node":"v20.20.2","pid":9,"db":"up","redis":"up","sse_clients":0,"console_clients":2,"level_counts":{"info":500}}
health: {"status":"ok","ts":"2026-10-05T16:54:52.200Z","uptime_seconds":4184,"memory":{"rss_mb":255,"heap_used_mb":115.3,"heap_total_mb":165.4},"node":"v20.20.2","pid":9,"db":"up","redis":"up","sse_clients":0,"console_clients":2,"level_counts":{"info":500}}
health: {"status":"ok","ts":"2026-10-05T16:54:57.205Z","uptime_seconds":4189,"memory":{"rss_mb":255.1,"heap_used_mb":120.8,"heap_total_mb":165.4},"node":"v20.20.2","pid":9,"db":"up","redis":"up","sse_clients":0,"console_clients":2,"level_counts":{"info":500}}
health: {"status":"ok","ts":"2026-10-05T16:55:02.213Z","uptime_seconds":4194,"memory":{"rss_mb":254.9,"heap_used_mb":118.8,"heap_total_mb":165.4},"node":"v20.20.2","pid":9,"db":"up","redis":"up","sse_clients":0,"console_clients":2,"level_counts":{"info":500}}
health: {"status":"ok","ts":"2026-10-05T16:55:07.213Z","uptime_seconds":4199,"memory":{"rss_mb":255.5,"heap_used_mb":111.4,"heap_total_mb":165.7},"node":"v20.20.2","pid":9,"db":"up","redis":"up","sse_clients":0,"console_clients":2,"level_counts":{"info":500}}
health: {"status":"ok","ts":"2026-10-05T16:55:12.220Z","uptime_seconds":4204,"memory":{"rss_mb":255.5,"heap_used_mb":122,"heap_total_mb":165.7},"node":"v20.20.2","pid":9,"db":"up","redis":"up","sse_clients":0,"console_clients":2,"level_counts":{"info":500}}
health: {"status":"ok","ts":"2026-10-05T16:55:17.214Z","uptime_seconds":4209,"memory":{"rss_mb":255.6,"heap_used_mb":123.7,"heap_total_mb":165.7},"node":"v20.20.2","pid":9,"db":"up","redis":"up","sse_clients":0,"console_clients":2,"level_counts":{"info":500}}
health: {"status":"ok","ts":"2026-10-05T16:55:22.214Z","uptime_seconds":4214,"memory":{"rss_mb":255.3,"heap_used_mb":123.9,"heap_total_mb":165.7},"node":"v20.20.2","pid":9,"db":"up","redis":"up","sse_clients":0,"console_clients":2,"level_counts":{"info":500}}
health: {"status":"ok","ts":"2026-10-05T16:55:27.218Z","uptime_seconds":4219,"memory":{"rss_mb":255.3,"heap_used_mb":117.9,"heap_total_mb":165.4},"node":"v20.20.2","pid":9,"db":"up","redis":"up","sse_clients":0,"console_clients":2,"level_counts":{"info":500}}
health: {"status":"ok","ts":"2026-10-05T16:55:32.215Z","uptime_seconds":4224,"memory":{"rss_mb":254.9,"heap_used_mb":112.2,"heap_total_mb":165.4},"node":"v20.20.2","pid":9,"db":"up","redis":"up","sse_clients":0,"console_clients":2,"level_counts":{"info":500}}
health: {"status":"ok","ts":"2026-10-05T16:55:37.215Z","uptime_seconds":4229,"memory":{"rss_mb":255.1,"heap_used_mb":121,"heap_total_mb":165.4},"node":"v20.20.2","pid":9,"db":"up","redis":"up","sse_clients":0,"console_clients":2,"level_counts":{"info":500}}
health: {"status":"ok","ts":"2026-10-05T16:55:42.221Z","uptime_seconds":4234,"memory":{"rss_mb":254.9,"heap_used_mb":117.8,"heap_total_mb":165.4},"node":"v20.20.2","pid":9,"db":"up","redis":"up","sse_clients":0,"console_clients":2,"level_counts":{"info":500}}
health: {"status":"ok","ts":"2026-10-05T16:55:47.216Z","uptime_seconds":4239,"memory":{"rss_mb":254.8,"heap_used_mb":107.3,"heap_total_mb":165.9},"node":"v20.20.2","pid":9,"db":"up","redis":"up","sse_clients":0,"console_clients":2,"level_counts":{"info":500}}
health: {"status":"ok","ts":"2026-10-05T16:55:52.216Z","uptime_seconds":4244,"memory":{"rss_mb":255.1,"heap_used_mb":118.4,"heap_total_mb":165.9},"node":"v20.20.2","pid":9,"db":"up","redis":"up","sse_clients":0,"console_clients":2,"level_counts":{"info":500}}
health: {"status":"ok","ts":"2026-10-05T16:55:57.222Z","uptime_seconds":4249,"memory":{"rss_mb":255,"heap_used_mb":117.9,"heap_total_mb":165.9},"node":"v20.20.2","pid":9,"db":"up","redis":"up","sse_clients":0,"console_clients":2,"level_counts":{"info":500}}
health: {"status":"ok","ts":"2026-10-05T16:56:02.217Z","uptime_seconds":4254,"memory":{"rss_mb":255.1,"heap_used_mb":120.2,"heap_total_mb":165.9},"node":"v20.20.2","pid":9,"db":"up","redis":"up","sse_clients":0,"console_clients":2,"level_counts":{"info":500}}
health: {"status":"ok","ts":"2026-10-05T16:56:07.220Z","uptime_seconds":4259,"memory":{"rss_mb":254.8,"heap_used_mb":114.6,"heap_total_mb":165.7},"node":"v20.20.2","pid":9,"db":"up","redis":"up","sse_clients":0,"console_clients":2,"level_counts":{"info":500}}
health: {"status":"ok","ts":"2026-10-05T16:56:12.224Z","uptime_seconds":4264,"memory":{"rss_mb":254.9,"heap_used_mb":121.1,"heap_total_mb":165.7},"node":"v20.20.2","pid":9,"db":"up","redis":"up","sse_clients":0,"console_clients":2,"level_counts":{"info":500}}
health: {"status":"ok","ts":"2026-10-05T16:56:17.221Z","uptime_seconds":4269,"memory":{"rss_mb":254.6,"heap_used_mb":112.8,"heap_total_mb":165.7},"node":"v20.20.2","pid":9,"db":"up","redis":"up","sse_clients":0,"console_clients":2,"level_counts":{"info":500}}
health: {"status":"ok","ts":"2026-10-05T16:56:22.221Z","uptime_seconds":4274,"memory":{"rss_mb":254.6,"heap_used_mb":120.8,"heap_total_mb":165.7},"node":"v20.20.2","pid":9,"db":"up","redis":"up","sse_clients":0,"console_clients":2,"level_counts":{"info":500}}
health: {"status":"ok","ts":"2026-10-05T16:56:27.226Z","uptime_seconds":4279,"memory":{"rss_mb":254.6,"heap_used_mb":124.8,"heap_total_mb":165.7},"node":"v20.20.2","pid":9,"db":"up","redis":"up","sse_clients":0,"console_clients":2,"level_counts":{"info":500}}
health: {"status":"ok","ts":"2026-10-05T16:56:32.222Z","uptime_seconds":4284,"memory":{"rss_mb":254.7,"heap_used_mb":115.5,"heap_total_mb":165.4},"node":"v20.20.2","pid":9,"db":"up","redis":"up","sse_clients":0,"console_clients":2,"level_counts":{"info":500}}
health: {"status":"ok","ts":"2026-10-05T16:56:37.222Z","uptime_seconds":4289,"memory":{"rss_mb":254.8,"heap_used_mb":119,"heap_total_mb":165.4},"node":"v20.20.2","pid":9,"db":"up","redis":"up","sse_clients":0,"console_clients":2,"level_counts":{"info":500}}
health: {"status":"ok","ts":"2026-10-05T16:56:42.226Z","uptime_seconds":4294,"memory":{"rss_mb":254.3,"heap_used_mb":112.6,"heap_total_mb":165.4},"node":"v20.20.2","pid":9,"db":"up","redis":"up","sse_clients":0,"console_clients":2,"level_counts":{"info":500}}
health: {"status":"ok","ts":"2026-10-05T16:56:47.222Z","uptime_seconds":4299,"memory":{"rss_mb":254.3,"heap_used_mb":117.1,"heap_total_mb":165.4},"node":"v20.20.2","pid":9,"db":"up","redis":"up","sse_clients":0,"console_clients":2,"level_counts":{"info":500}}
health: {"status":"ok","ts":"2026-10-05T16:56:52.222Z","uptime_seconds":4304,"memory":{"rss_mb":254.3,"heap_used_mb":123.4,"heap_total_mb":165.4},"node":"v20.20.2","pid":9,"db":"up","redis":"up","sse_clients":0,"console_clients":2,"level_counts":{"info":500}}
health: {"status":"ok","ts":"2026-10-05T16:56:57.226Z","uptime_seconds":4309,"memory":{"rss_mb":254.2,"heap_used_mb":123.8,"heap_total_mb":165.4},"node":"v20.20.2","pid":9,"db":"up","redis":"up","sse_clients":0,"console_clients":1,"level_counts":{"info":500}}
health: {"status":"ok","ts":"2026-10-05T16:57:02.222Z","uptime_seconds":4314,"memory":{"rss_mb":254.6,"heap_used_mb":117.6,"heap_total_mb":165.4},"node":"v20.20.2","pid":9,"db":"up","redis":"up","sse_clients":0,"console_clients":2,"level_counts":{"info":500}}
health: {"status":"ok","ts":"2026-10-05T16:57:07.224Z","uptime_seconds":4319,"memory":{"rss_mb":254.2,"heap_used_mb":109.3,"heap_total_mb":165.4},"node":"v20.20.2","pid":9,"db":"up","redis":"up","sse_clients":0,"console_clients":2,"level_counts":{"info":500}}
health: {"status":"ok","ts":"2026-10-05T16:57:12.229Z","uptime_seconds":4324,"memory":{"rss_mb":254.1,"heap_used_mb":116.2,"heap_total_mb":165.4},"node":"v20.20.2","pid":9,"db":"up","redis":"up","sse_clients":0,"console_clients":2,"level_counts":{"info":500}}
health: {"status":"ok","ts":"2026-10-05T16:57:17.225Z","uptime_seconds":4329,"memory":{"rss_mb":254.2,"heap_used_mb":109.6,"heap_total_mb":165.4},"node":"v20.20.2","pid":9,"db":"up","redis":"up","sse_clients":0,"console_clients":2,"level_counts":{"info":500}}
health: {"status":"ok","ts":"2026-10-05T16:57:22.225Z","uptime_seconds":4334,"memory":{"rss_mb":254.2,"heap_used_mb":118.8,"heap_total_mb":165.4},"node":"v20.20.2","pid":9,"db":"up","redis":"up","sse_clients":0,"console_clients":2,"level_counts":{"info":500}}
health: {"status":"ok","ts":"2026-10-05T16:57:27.230Z","uptime_seconds":4339,"memory":{"rss_mb":254.2,"heap_used_mb":113.5,"heap_total_mb":165.4},"node":"v20.20.2","pid":9,"db":"up","redis":"up","sse_clients":0,"console_clients":2,"level_counts":{"info":500}}
health: {"status":"ok","ts":"2026-10-05T16:57:32.225Z","uptime_seconds":4344,"memory":{"rss_mb":254.1,"heap_used_mb":119.2,"heap_total_mb":165.4},"node":"v20.20.2","pid":9,"db":"up","redis":"up","sse_clients":0,"console_clients":2,"level_counts":{"info":500}}
health: {"status":"ok","ts":"2026-10-05T16:57:37.225Z","uptime_seconds":4349,"memory":{"rss_mb":254.1,"heap_used_mb":123.3,"heap_total_mb":165.4},"node":"v20.20.2","pid":9,"db":"up","redis":"up","sse_clients":0,"console_clients":2,"level_counts":{"info":500}}
health: {"status":"ok","ts":"2026-10-05T16:57:42.225Z","uptime_seconds":4354,"memory":{"rss_mb":254.1,"heap_used_mb":117.4,"heap_total_mb":165.4},"node":"v20.20.2","pid":9,"db":"up","redis":"up","sse_clients":0,"console_clients":2,"level_counts":{"info":500}}
health: {"status":"ok","ts":"2026-10-05T16:57:47.226Z","uptime_seconds":4359,"memory":{"rss_mb":254.1,"heap_used_mb":120.9,"heap_total_mb":165.4},"node":"v20.20.2","pid":9,"db":"up","redis":"up","sse_clients":0,"console_clients":2,"level_counts":{"info":500}}
health: {"status":"ok","ts":"2026-10-05T16:57:52.226Z","uptime_seconds":4364,"memory":{"rss_mb":254.2,"heap_used_mb":118.4,"heap_total_mb":165.4},"node":"v20.20.2","pid":9,"db":"up","redis":"up","sse_clients":0,"console_clients":2,"level_counts":{"info":500}}
health: {"status":"ok","ts":"2026-10-05T16:57:57.226Z","uptime_seconds":4369,"memory":{"rss_mb":254.2,"heap_used_mb":122.2,"heap_total_mb":165.4},"node":"v20.20.2","pid":9,"db":"up","redis":"up","sse_clients":0,"console_clients":2,"level_counts":{"info":500}}
health: {"status":"ok","ts":"2026-10-05T16:58:02.227Z","uptime_seconds":4374,"memory":{"rss_mb":254.1,"heap_used_mb":111.7,"heap_total_mb":165.9},"node":"v20.20.2","pid":9,"db":"up","redis":"up","sse_clients":0,"console_clients":2,"level_counts":{"info":500}}
health: {"status":"ok","ts":"2026-10-05T16:58:07.227Z","uptime_seconds":4379,"memory":{"rss_mb":254.1,"heap_used_mb":117.3,"heap_total_mb":165.9},"node":"v20.20.2","pid":9,"db":"up","redis":"up","sse_clients":0,"console_clients":2,"level_counts":{"info":500}}
health: {"status":"ok","ts":"2026-10-05T16:58:12.228Z","uptime_seconds":4384,"memory":{"rss_mb":254.1,"heap_used_mb":108.9,"heap_total_mb":165.9},"node":"v20.20.2","pid":9,"db":"up","redis":"up","sse_clients":0,"console_clients":2,"level_counts":{"info":500}}
health: {"status":"ok","ts":"2026-10-05T16:58:17.234Z","uptime_seconds":4389,"memory":{"rss_mb":254.1,"heap_used_mb":111.7,"heap_total_mb":165.9},"node":"v20.20.2","pid":9,"db":"up","redis":"up","sse_clients":0,"console_clients":2,"level_counts":{"info":500}}
health: {"status":"ok","ts":"2026-10-05T16:58:22.228Z","uptime_seconds":4394,"memory":{"rss_mb":254.1,"heap_used_mb":120.5,"heap_total_mb":165.9},"node":"v20.20.2","pid":9,"db":"up","redis":"up","sse_clients":0,"console_clients":2,"level_counts":{"info":500}}
health: {"status":"ok","ts":"2026-10-05T16:58:27.228Z","uptime_seconds":4399,"memory":{"rss_mb":254.1,"heap_used_mb":111.5,"heap_total_mb":165.9},"node":"v20.20.2","pid":9,"db":"up","redis":"up","sse_clients":0,"console_clients":2,"level_counts":{"info":500}}
health: {"status":"ok","ts":"2026-10-05T16:58:32.232Z","uptime_seconds":4404,"memory":{"rss_mb":254.1,"heap_used_mb":114.9,"heap_total_mb":165.9},"node":"v20.20.2","pid":9,"db":"up","redis":"up","sse_clients":0,"console_clients":2,"level_counts":{"info":500}}
health: {"status":"ok","ts":"2026-10-05T16:58:37.229Z","uptime_seconds":4409,"memory":{"rss_mb":254.3,"heap_used_mb":118.5,"heap_total_mb":165.9},"node":"v20.20.2","pid":9,"db":"up","redis":"up","sse_clients":0,"console_clients":2,"level_counts":{"info":500}}
health: {"status":"ok","ts":"2026-10-05T16:58:42.229Z","uptime_seconds":4414,"memory":{"rss_mb":254.3,"heap_used_mb":121.8,"heap_total_mb":165.9},"node":"v20.20.2","pid":9,"db":"up","redis":"up","sse_clients":0,"console_clients":2,"level_counts":{"info":500}}
health: {"status":"ok","ts":"2026-10-05T16:58:47.236Z","uptime_seconds":4419,"memory":{"rss_mb":254.6,"heap_used_mb":118.1,"heap_total_mb":165.9},"node":"v20.20.2","pid":9,"db":"up","redis":"up","sse_clients":0,"console_clients":1,"level_counts":{"info":500}}
health: {"status":"ok","ts":"2026-10-05T16:58:52.229Z","uptime_seconds":4424,"memory":{"rss_mb":253.6,"heap_used_mb":113.6,"heap_total_mb":164.9},"node":"v20.20.2","pid":9,"db":"up","redis":"up","sse_clients":0,"console_clients":2,"level_counts":{"info":500}}
health: {"status":"ok","ts":"2026-10-05T16:58:57.229Z","uptime_seconds":4429,"memory":{"rss_mb":253.8,"heap_used_mb":119.6,"heap_total_mb":164.9},"node":"v20.20.2","pid":9,"db":"up","redis":"up","sse_clients":0,"console_clients":2,"level_counts":{"info":500}}
health: {"status":"ok","ts":"2026-10-05T16:59:02.233Z","uptime_seconds":4434,"memory":{"rss_mb":253.7,"heap_used_mb":119.3,"heap_total_mb":164.9},"node":"v20.20.2","pid":9,"db":"up","redis":"up","sse_clients":0,"console_clients":2,"level_counts":{"info":500}}
health: {"status":"ok","ts":"2026-10-05T16:59:07.229Z","uptime_seconds":4439,"memory":{"rss_mb":253.5,"heap_used_mb":115,"heap_total_mb":164.9},"node":"v20.20.2","pid":9,"db":"up","redis":"up","sse_clients":0,"console_clients":2,"level_counts":{"info":500}}
health: {"status":"ok","ts":"2026-10-05T16:59:12.229Z","uptime_seconds":4444,"memory":{"rss_mb":253.5,"heap_used_mb":119.5,"heap_total_mb":164.9},"node":"v20.20.2","pid":9,"db":"up","redis":"up","sse_clients":0,"console_clients":2,"level_counts":{"info":500}}
health: {"status":"ok","ts":"2026-10-05T16:59:17.241Z","uptime_seconds":4449,"memory":{"rss_mb":253.5,"heap_used_mb":123,"heap_total_mb":164.9},"node":"v20.20.2","pid":9,"db":"up","redis":"up","sse_clients":0,"console_clients":2,"level_counts":{"info":500}}
health: {"status":"ok","ts":"2026-10-05T16:59:22.230Z","uptime_seconds":4454,"memory":{"rss_mb":253,"heap_used_mb":108.4,"heap_total_mb":164.7},"node":"v20.20.2","pid":9,"db":"up","redis":"up","sse_clients":0,"console_clients":2,"level_counts":{"info":500}}
health: {"status":"ok","ts":"2026-10-05T16:59:27.231Z","uptime_seconds":4459,"memory":{"rss_mb":253,"heap_used_mb":112.8,"heap_total_mb":164.7},"node":"v20.20.2","pid":9,"db":"up","redis":"up","sse_clients":0,"console_clients":2,"level_counts":{"info":500}}
health: {"status":"ok","ts":"2026-10-05T16:59:32.236Z","uptime_seconds":4464,"memory":{"rss_mb":253,"heap_used_mb":115.2,"heap_total_mb":164.7},"node":"v20.20.2","pid":9,"db":"up","redis":"up","sse_clients":0,"console_clients":2,"level_counts":{"info":500}}
health: {"status":"ok","ts":"2026-10-05T16:59:37.230Z","uptime_seconds":4469,"memory":{"rss_mb":253,"heap_used_mb":119,"heap_total_mb":164.7},"node":"v20.20.2","pid":9,"db":"up","redis":"up","sse_clients":0,"console_clients":2,"level_counts":{"info":500}}
health: {"status":"ok","ts":"2026-10-05T16:59:42.231Z","uptime_seconds":4474,"memory":{"rss_mb":253,"heap_used_mb":108.7,"heap_total_mb":164.7},"node":"v20.20.2","pid":9,"db":"up","redis":"up","sse_clients":0,"console_clients":2,"level_counts":{"info":500}}
health: {"status":"ok","ts":"2026-10-05T16:59:47.237Z","uptime_seconds":4479,"memory":{"rss_mb":253.3,"heap_used_mb":116.4,"heap_total_mb":164.7},"node":"v20.20.2","pid":9,"db":"up","redis":"up","sse_clients":0,"console_clients":2,"level_counts":{"info":500}}
health: {"status":"ok","ts":"2026-10-05T16:59:52.232Z","uptime_seconds":4484,"memory":{"rss_mb":253.8,"heap_used_mb":122,"heap_total_mb":164.7},"node":"v20.20.2","pid":9,"db":"up","redis":"up","sse_clients":0,"console_clients":2,"level_counts":{"info":500}}
health: {"status":"ok","ts":"2026-10-05T16:59:57.232Z","uptime_seconds":4489,"memory":{"rss_mb":253.6,"heap_used_mb":119.9,"heap_total_mb":164.7},"node":"v20.20.2","pid":9,"db":"up","redis":"up","sse_clients":0,"console_clients":2,"level_counts":{"info":500}}
health: {"status":"ok","ts":"2026-10-05T17:00:02.368Z","uptime_seconds":4494,"memory":{"rss_mb":256.9,"heap_used_mb":113.3,"heap_total_mb":168.4},"node":"v20.20.2","pid":9,"db":"up","redis":"up","sse_clients":0,"console_clients":2,"level_counts":{"info":500}}
health: {"status":"ok","ts":"2026-10-05T17:00:07.293Z","uptime_seconds":4499,"memory":{"rss_mb":263.2,"heap_used_mb":132.3,"heap_total_mb":171.9},"node":"v20.20.2","pid":9,"db":"up","redis":"up","sse_clients":0,"console_clients":2,"level_counts":{"info":498,"warn":2}}
health: {"status":"ok","ts":"2026-10-05T17:00:12.292Z","uptime_seconds":4504,"memory":{"rss_mb":261.3,"heap_used_mb":129.4,"heap_total_mb":171.9},"node":"v20.20.2","pid":9,"db":"up","redis":"up","sse_clients":0,"console_clients":2,"level_counts":{"info":498,"warn":2}}
health: {"status":"ok","ts":"2026-10-05T17:00:17.306Z","uptime_seconds":4509,"memory":{"rss_mb":260.8,"heap_used_mb":124.5,"heap_total_mb":171.9},"node":"v20.20.2","pid":9,"db":"up","redis":"up","sse_clients":0,"console_clients":2,"level_counts":{"info":498,"warn":2}}
health: {"status":"ok","ts":"2026-10-05T17:00:22.308Z","uptime_seconds":4514,"memory":{"rss_mb":260.9,"heap_used_mb":133.6,"heap_total_mb":171.9},"node":"v20.20.2","pid":9,"db":"up","redis":"up","sse_clients":0,"console_clients":2,"level_counts":{"info":498,"warn":2}}
health: {"status":"ok","ts":"2026-10-05T17:00:27.308Z","uptime_seconds":4519,"memory":{"rss_mb":260.7,"heap_used_mb":131.6,"heap_total_mb":171.9},"node":"v20.20.2","pid":9,"db":"up","redis":"up","sse_clients":0,"console_clients":2,"level_counts":{"info":498,"warn":2}}
health: {"status":"ok","ts":"2026-10-05T17:00:32.313Z","uptime_seconds":4524,"memory":{"rss_mb":261.2,"heap_used_mb":128.7,"heap_total_mb":172.4},"node":"v20.20.2","pid":9,"db":"up","redis":"up","sse_clients":0,"console_clients":2,"level_counts":{"info":498,"warn":2}}
health: {"status":"ok","ts":"2026-10-05T17:00:37.324Z","uptime_seconds":4529,"memory":{"rss_mb":263.1,"heap_used_mb":139.2,"heap_total_mb":174.2},"node":"v20.20.2","pid":9,"db":"up","redis":"up","sse_clients":0,"console_clients":2,"level_counts":{"info":499,"warn":1}}
health: {"status":"ok","ts":"2026-10-05T17:00:42.324Z","uptime_seconds":4534,"memory":{"rss_mb":259.3,"heap_used_mb":110.7,"heap_total_mb":170.9},"node":"v20.20.2","pid":9,"db":"up","redis":"up","sse_clients":0,"console_clients":2,"level_counts":{"info":500}}
health: {"status":"ok","ts":"2026-10-05T17:00:47.333Z","uptime_seconds":4539,"memory":{"rss_mb":259.4,"heap_used_mb":116.6,"heap_total_mb":170.9},"node":"v20.20.2","pid":9,"db":"up","redis":"up","sse_clients":0,"console_clients":2,"level_counts":{"info":500}}
health: {"status":"ok","ts":"2026-10-05T17:00:52.325Z","uptime_seconds":4544,"memory":{"rss_mb":259.1,"heap_used_mb":122.1,"heap_total_mb":170.9},"node":"v20.20.2","pid":9,"db":"up","redis":"up","sse_clients":0,"console_clients":2,"level_counts":{"info":500}}
health: {"status":"ok","ts":"2026-10-05T17:00:57.325Z","uptime_seconds":4549,"memory":{"rss_mb":259.4,"heap_used_mb":117.4,"heap_total_mb":170.9},"node":"v20.20.2","pid":9,"db":"up","redis":"up","sse_clients":0,"console_clients":2,"level_counts":{"info":500}}
health: {"status":"ok","ts":"2026-10-05T17:01:02.333Z","uptime_seconds":4554,"memory":{"rss_mb":259.5,"heap_used_mb":119.7,"heap_total_mb":170.9},"node":"v20.20.2","pid":9,"db":"up","redis":"up","sse_clients":0,"console_clients":2,"level_counts":{"info":500}}
health: {"status":"ok","ts":"2026-10-05T17:01:07.328Z","uptime_seconds":4559,"memory":{"rss_mb":259.3,"heap_used_mb":124.7,"heap_total_mb":170.9},"node":"v20.20.2","pid":9,"db":"up","redis":"up","sse_clients":0,"console_clients":2,"level_counts":{"info":500}}
health: {"status":"ok","ts":"2026-10-05T17:01:12.328Z","uptime_seconds":4564,"memory":{"rss_mb":259.1,"heap_used_mb":120.6,"heap_total_mb":170.9},"node":"v20.20.2","pid":9,"db":"up","redis":"up","sse_clients":0,"console_clients":2,"level_counts":{"info":500}}
health: {"status":"ok","ts":"2026-10-05T17:01:17.344Z","uptime_seconds":4569,"memory":{"rss_mb":259.1,"heap_used_mb":123.8,"heap_total_mb":170.9},"node":"v20.20.2","pid":9,"db":"up","redis":"up","sse_clients":0,"console_clients":2,"level_counts":{"info":500}}
health: {"status":"ok","ts":"2026-10-05T17:01:22.329Z","uptime_seconds":4574,"memory":{"rss_mb":257,"heap_used_mb":116.1,"heap_total_mb":168.7},"node":"v20.20.2","pid":9,"db":"up","redis":"up","sse_clients":0,"console_clients":2,"level_counts":{"info":500}}
health: {"status":"ok","ts":"2026-10-05T17:01:27.329Z","uptime_seconds":4579,"memory":{"rss_mb":257.6,"heap_used_mb":122,"heap_total_mb":168.7},"node":"v20.20.2","pid":9,"db":"up","redis":"up","sse_clients":0,"console_clients":2,"level_counts":{"info":500}}
health: {"status":"ok","ts":"2026-10-05T17:01:32.333Z","uptime_seconds":4584,"memory":{"rss_mb":257.4,"heap_used_mb":114.8,"heap_total_mb":168.7},"node":"v20.20.2","pid":9,"db":"up","redis":"up","sse_clients":0,"console_clients":2,"level_counts":{"info":500}}
health: {"status":"ok","ts":"2026-10-05T17:01:37.333Z","uptime_seconds":4589,"memory":{"rss_mb":257.7,"heap_used_mb":124.6,"heap_total_mb":168.7},"node":"v20.20.2","pid":9,"db":"up","redis":"up","sse_clients":0,"console_clients":2,"level_counts":{"info":500}}
health: {"status":"ok","ts":"2026-10-05T17:01:42.333Z","uptime_seconds":4594,"memory":{"rss_mb":257.4,"heap_used_mb":119.6,"heap_total_mb":168.7},"node":"v20.20.2","pid":9,"db":"up","redis":"up","sse_clients":0,"console_clients":2,"level_counts":{"info":500}}
health: {"status":"ok","ts":"2026-10-05T17:01:47.340Z","uptime_seconds":4599,"memory":{"rss_mb":257.4,"heap_used_mb":123.4,"heap_total_mb":168.7},"node":"v20.20.2","pid":9,"db":"up","redis":"up","sse_clients":0,"console_clients":2,"level_counts":{"info":500}}
health: {"status":"ok","ts":"2026-10-05T17:01:52.334Z","uptime_seconds":4604,"memory":{"rss_mb":257.5,"heap_used_mb":131.7,"heap_total_mb":168.7},"node":"v20.20.2","pid":9,"db":"up","redis":"up","sse_clients":0,"console_clients":2,"level_counts":{"info":500}}
health: {"status":"ok","ts":"2026-10-05T17:01:57.333Z","uptime_seconds":4609,"memory":{"rss_mb":259.1,"heap_used_mb":113.9,"heap_total_mb":170.4},"node":"v20.20.2","pid":9,"db":"up","redis":"up","sse_clients":0,"console_clients":2,"level_counts":{"info":500}}
health: {"status":"ok","ts":"2026-10-05T17:02:02.338Z","uptime_seconds":4614,"memory":{"rss_mb":259.1,"heap_used_mb":110.3,"heap_total_mb":170.4},"node":"v20.20.2","pid":9,"db":"up","redis":"up","sse_clients":0,"console_clients":2,"level_counts":{"info":500}}
health: {"status":"ok","ts":"2026-10-05T17:02:07.354Z","uptime_seconds":4619,"memory":{"rss_mb":259.3,"heap_used_mb":115.6,"heap_total_mb":170.4},"node":"v20.20.2","pid":9,"db":"up","redis":"up","sse_clients":0,"console_clients":2,"level_counts":{"info":500}}
health: {"status":"ok","ts":"2026-10-05T17:02:12.356Z","uptime_seconds":4624,"memory":{"rss_mb":259.3,"heap_used_mb":118.6,"heap_total_mb":170.4},"node":"v20.20.2","pid":9,"db":"up","redis":"up","sse_clients":0,"console_clients":2,"level_counts":{"info":500}}
health: {"status":"ok","ts":"2026-10-05T17:02:17.360Z","uptime_seconds":4629,"memory":{"rss_mb":259.2,"heap_used_mb":123.5,"heap_total_mb":170.4},"node":"v20.20.2","pid":9,"db":"up","redis":"up","sse_clients":0,"console_clients":2,"level_counts":{"info":500}}
health: {"status":"ok","ts":"2026-10-05T17:02:22.358Z","uptime_seconds":4634,"memory":{"rss_mb":259.3,"heap_used_mb":131,"heap_total_mb":170.4},"node":"v20.20.2","pid":9,"db":"up","redis":"up","sse_clients":0,"console_clients":2,"level_counts":{"info":500}}
health: {"status":"ok","ts":"2026-10-05T17:02:27.358Z","uptime_seconds":4639,"memory":{"rss_mb":259.3,"heap_used_mb":132.9,"heap_total_mb":170.4},"node":"v20.20.2","pid":9,"db":"up","redis":"up","sse_clients":0,"console_clients":2,"level_counts":{"info":500}}
health: {"status":"ok","ts":"2026-10-05T17:02:32.365Z","uptime_seconds":4644,"memory":{"rss_mb":258,"heap_used_mb":108.6,"heap_total_mb":169.4},"node":"v20.20.2","pid":9,"db":"up","redis":"up","sse_clients":0,"console_clients":2,"level_counts":{"info":500}}
health: {"status":"ok","ts":"2026-10-05T17:02:37.359Z","uptime_seconds":4649,"memory":{"rss_mb":258.6,"heap_used_mb":120.2,"heap_total_mb":169.4},"node":"v20.20.2","pid":9,"db":"up","redis":"up","sse_clients":0,"console_clients":2,"level_counts":{"info":500}}
health: {"status":"ok","ts":"2026-10-05T17:02:42.359Z","uptime_seconds":4654,"memory":{"rss_mb":258.4,"heap_used_mb":117.9,"heap_total_mb":169.4},"node":"v20.20.2","pid":9,"db":"up","redis":"up","sse_clients":0,"console_clients":2,"level_counts":{"info":500}}
health: {"status":"ok","ts":"2026-10-05T17:02:47.365Z","uptime_seconds":4659,"memory":{"rss_mb":256.9,"heap_used_mb":112.7,"heap_total_mb":167.9},"node":"v20.20.2","pid":9,"db":"up","redis":"up","sse_clients":0,"console_clients":2,"level_counts":{"info":500}}
health: {"status":"ok","ts":"2026-10-05T17:02:52.359Z","uptime_seconds":4664,"memory":{"rss_mb":257,"heap_used_mb":115.5,"heap_total_mb":167.9},"node":"v20.20.2","pid":9,"db":"up","redis":"up","sse_clients":0,"console_clients":2,"level_counts":{"info":500}}
health: {"status":"ok","ts":"2026-10-05T17:02:57.360Z","uptime_seconds":4669,"memory":{"rss_mb":257,"heap_used_mb":121.5,"heap_total_mb":167.9},"node":"v20.20.2","pid":9,"db":"up","redis":"up","sse_clients":0,"console_clients":2,"level_counts":{"info":500}}
health: {"status":"ok","ts":"2026-10-05T17:03:02.365Z","uptime_seconds":4674,"memory":{"rss_mb":257.2,"heap_used_mb":129,"heap_total_mb":167.9},"node":"v20.20.2","pid":9,"db":"up","redis":"up","sse_clients":0,"console_clients":2,"level_counts":{"info":500}}
health: {"status":"ok","ts":"2026-10-05T17:03:07.361Z","uptime_seconds":4679,"memory":{"rss_mb":257.3,"heap_used_mb":129.3,"heap_total_mb":167.9},"node":"v20.20.2","pid":9,"db":"up","redis":"up","sse_clients":0,"console_clients":2,"level_counts":{"info":500}}
health: {"status":"ok","ts":"2026-10-05T17:03:12.361Z","uptime_seconds":4684,"memory":{"rss_mb":258.4,"heap_used_mb":126.3,"heap_total_mb":169.7},"node":"v20.20.2","pid":9,"db":"up","redis":"up","sse_clients":0,"console_clients":2,"level_counts":{"info":500}}
health: {"status":"ok","ts":"2026-10-05T17:03:17.367Z","uptime_seconds":4689,"memory":{"rss_mb":261.8,"heap_used_mb":119.5,"heap_total_mb":173.2},"node":"v20.20.2","pid":9,"db":"up","redis":"up","sse_clients":0,"console_clients":2,"level_counts":{"info":500}}
health: {"status":"ok","ts":"2026-10-05T17:03:22.361Z","uptime_seconds":4694,"memory":{"rss_mb":261.5,"heap_used_mb":112.4,"heap_total_mb":173.2},"node":"v20.20.2","pid":9,"db":"up","redis":"up","sse_clients":0,"console_clients":2,"level_counts":{"info":500}}
health: {"status":"ok","ts":"2026-10-05T17:03:27.361Z","uptime_seconds":4699,"memory":{"rss_mb":261.8,"heap_used_mb":124.2,"heap_total_mb":173.2},"node":"v20.20.2","pid":9,"db":"up","redis":"up","sse_clients":0,"console_clients":2,"level_counts":{"info":500}}
health: {"status":"ok","ts":"2026-10-05T17:03:32.368Z","uptime_seconds":4704,"memory":{"rss_mb":261.5,"heap_used_mb":124.7,"heap_total_mb":173.2},"node":"v20.20.2","pid":9,"db":"up","redis":"up","sse_clients":0,"console_clients":2,"level_counts":{"info":500}}
health: {"status":"ok","ts":"2026-10-05T17:03:37.362Z","uptime_seconds":4709,"memory":{"rss_mb":256.6,"heap_used_mb":115.2,"heap_total_mb":167.9},"node":"v20.20.2","pid":9,"db":"up","redis":"up","sse_clients":0,"console_clients":2,"level_counts":{"info":500}}
health: {"status":"ok","ts":"2026-10-05T17:03:42.362Z","uptime_seconds":4714,"memory":{"rss_mb":256.4,"heap_used_mb":117.6,"heap_total_mb":167.9},"node":"v20.20.2","pid":9,"db":"up","redis":"up","sse_clients":0,"console_clients":2,"level_counts":{"info":500}}
health: {"status":"ok","ts":"2026-10-05T17:03:47.368Z","uptime_seconds":4719,"memory":{"rss_mb":256.7,"heap_used_mb":127.9,"heap_total_mb":167.9},"node":"v20.20.2","pid":9,"db":"up","redis":"up","sse_clients":0,"console_clients":2,"level_counts":{"info":500}}
health: {"status":"ok","ts":"2026-10-05T17:03:52.368Z","uptime_seconds":4724,"memory":{"rss_mb":256.9,"heap_used_mb":120.8,"heap_total_mb":167.9},"node":"v20.20.2","pid":9,"db":"up","redis":"up","sse_clients":0,"console_clients":2,"level_counts":{"info":500}}
health: {"status":"ok","ts":"2026-10-05T17:03:57.369Z","uptime_seconds":4729,"memory":{"rss_mb":256.1,"heap_used_mb":114.4,"heap_total_mb":167.7},"node":"v20.20.2","pid":9,"db":"up","redis":"up","sse_clients":0,"console_clients":2,"level_counts":{"info":500}}
health: {"status":"ok","ts":"2026-10-05T17:04:02.381Z","uptime_seconds":4734,"memory":{"rss_mb":256.5,"heap_used_mb":123.8,"heap_total_mb":167.7},"node":"v20.20.2","pid":9,"db":"up","redis":"up","sse_clients":0,"console_clients":2,"level_counts":{"info":500}}
health: {"status":"ok","ts":"2026-10-05T17:04:07.369Z","uptime_seconds":4739,"memory":{"rss_mb":256.2,"heap_used_mb":119.9,"heap_total_mb":167.7},"node":"v20.20.2","pid":9,"db":"up","redis":"up","sse_clients":0,"console_clients":2,"level_counts":{"info":500}}
health: {"status":"ok","ts":"2026-10-05T17:04:12.369Z","uptime_seconds":4744,"memory":{"rss_mb":256.3,"heap_used_mb":120.7,"heap_total_mb":167.2},"node":"v20.20.2","pid":9,"db":"up","redis":"up","sse_clients":0,"console_clients":2,"level_counts":{"info":500}}
health: {"status":"ok","ts":"2026-10-05T17:04:17.378Z","uptime_seconds":4749,"memory":{"rss_mb":256.2,"heap_used_mb":123.7,"heap_total_mb":167.2},"node":"v20.20.2","pid":9,"db":"up","redis":"up","sse_clients":0,"console_clients":2,"level_counts":{"info":500}}
health: {"status":"ok","ts":"2026-10-05T17:04:22.371Z","uptime_seconds":4754,"memory":{"rss_mb":256.2,"heap_used_mb":127.9,"heap_total_mb":167.2},"node":"v20.20.2","pid":9,"db":"up","redis":"up","sse_clients":0,"console_clients":2,"level_counts":{"info":500}}
health: {"status":"ok","ts":"2026-10-05T17:04:27.372Z","uptime_seconds":4759,"memory":{"rss_mb":257.1,"heap_used_mb":110.5,"heap_total_mb":168.9},"node":"v20.20.2","pid":9,"db":"up","redis":"up","sse_clients":0,"console_clients":2,"level_counts":{"info":500}}
health: {"status":"ok","ts":"2026-10-05T17:04:32.376Z","uptime_seconds":4764,"memory":{"rss_mb":257.3,"heap_used_mb":114.3,"heap_total_mb":168.9},"node":"v20.20.2","pid":9,"db":"up","redis":"up","sse_clients":0,"console_clients":2,"level_counts":{"info":500}}
health: {"status":"ok","ts":"2026-10-05T17:04:37.372Z","uptime_seconds":4769,"memory":{"rss_mb":257,"heap_used_mb":115.4,"heap_total_mb":168.9},"node":"v20.20.2","pid":9,"db":"up","redis":"up","sse_clients":0,"console_clients":2,"level_counts":{"info":500}}
health: {"status":"ok","ts":"2026-10-05T17:04:42.372Z","uptime_seconds":4774,"memory":{"rss_mb":257.4,"heap_used_mb":120.4,"heap_total_mb":168.9},"node":"v20.20.2","pid":9,"db":"up","redis":"up","sse_clients":0,"console_clients":2,"level_counts":{"info":500}}
health: {"status":"ok","ts":"2026-10-05T17:04:47.376Z","uptime_seconds":4779,"memory":{"rss_mb":257,"heap_used_mb":116,"heap_total_mb":168.9},"node":"v20.20.2","pid":9,"db":"up","redis":"up","sse_clients":0,"console_clients":2,"level_counts":{"info":500}}
health: {"status":"ok","ts":"2026-10-05T17:04:52.373Z","uptime_seconds":4784,"memory":{"rss_mb":257.1,"heap_used_mb":116.3,"heap_total_mb":168.9},"node":"v20.20.2","pid":9,"db":"up","redis":"up","sse_clients":0,"console_clients":2,"level_counts":{"info":500}}
health: {"status":"ok","ts":"2026-10-05T17:04:57.374Z","uptime_seconds":4789,"memory":{"rss_mb":257.4,"heap_used_mb":122.2,"heap_total_mb":168.9},"node":"v20.20.2","pid":9,"db":"up","redis":"up","sse_clients":0,"console_clients":2,"level_counts":{"info":500}}
health: {"status":"ok","ts":"2026-10-05T17:05:02.379Z","uptime_seconds":4794,"memory":{"rss_mb":257.2,"heap_used_mb":123.1,"heap_total_mb":168.9},"node":"v20.20.2","pid":9,"db":"up","redis":"up","sse_clients":0,"console_clients":2,"level_counts":{"info":500}}
health: {"status":"ok","ts":"2026-10-05T17:05:07.374Z","uptime_seconds":4799,"memory":{"rss_mb":257.4,"heap_used_mb":125.5,"heap_total_mb":168.9},"node":"v20.20.2","pid":9,"db":"up","redis":"up","sse_clients":0,"console_clients":2,"level_counts":{"info":500}}
health: {"status":"ok","ts":"2026-10-05T17:05:12.374Z","uptime_seconds":4804,"memory":{"rss_mb":257.4,"heap_used_mb":132.3,"heap_total_mb":168.9},"node":"v20.20.2","pid":9,"db":"up","redis":"up","sse_clients":0,"console_clients":2,"level_counts":{"info":500}}
health: {"status":"ok","ts":"2026-10-05T17:05:17.379Z","uptime_seconds":4809,"memory":{"rss_mb":260.5,"heap_used_mb":137.1,"heap_total_mb":172.2},"node":"v20.20.2","pid":9,"db":"up","redis":"up","sse_clients":0,"console_clients":2,"level_counts":{"info":500}}
health: {"status":"ok","ts":"2026-10-05T17:05:22.374Z","uptime_seconds":4814,"memory":{"rss_mb":265.2,"heap_used_mb":144.8,"heap_total_mb":176.4},"node":"v20.20.2","pid":9,"db":"up","redis":"up","sse_clients":0,"console_clients":2,"level_counts":{"info":500}}
health: {"status":"ok","ts":"2026-10-05T17:05:27.374Z","uptime_seconds":4819,"memory":{"rss_mb":269.4,"heap_used_mb":146.3,"heap_total_mb":180.7},"node":"v20.20.2","pid":9,"db":"up","redis":"up","sse_clients":0,"console_clients":2,"level_counts":{"info":500}}
health: {"status":"ok","ts":"2026-10-05T17:05:32.389Z","uptime_seconds":4824,"memory":{"rss_mb":272.9,"heap_used_mb":147.4,"heap_total_mb":184.4},"node":"v20.20.2","pid":9,"db":"up","redis":"up","sse_clients":0,"console_clients":2,"level_counts":{"info":500}}
health: {"status":"ok","ts":"2026-10-05T17:05:37.377Z","uptime_seconds":4829,"memory":{"rss_mb":273.3,"heap_used_mb":112.9,"heap_total_mb":185.4},"node":"v20.20.2","pid":9,"db":"up","redis":"up","sse_clients":0,"console_clients":2,"level_counts":{"info":500}}
health: {"status":"ok","ts":"2026-10-05T17:05:42.377Z","uptime_seconds":4834,"memory":{"rss_mb":273.8,"heap_used_mb":112.7,"heap_total_mb":185.4},"node":"v20.20.2","pid":9,"db":"up","redis":"up","sse_clients":0,"console_clients":2,"level_counts":{"info":500}}
health: {"status":"ok","ts":"2026-10-05T17:05:47.384Z","uptime_seconds":4839,"memory":{"rss_mb":273.9,"heap_used_mb":123.8,"heap_total_mb":185.4},"node":"v20.20.2","pid":9,"db":"up","redis":"up","sse_clients":0,"console_clients":2,"level_counts":{"info":500}}
health: {"status":"ok","ts":"2026-10-05T17:05:52.380Z","uptime_seconds":4844,"memory":{"rss_mb":273.6,"heap_used_mb":117.2,"heap_total_mb":185.7},"node":"v20.20.2","pid":9,"db":"up","redis":"up","sse_clients":0,"console_clients":2,"level_counts":{"info":500}}
health: {"status":"ok","ts":"2026-10-05T17:05:57.380Z","uptime_seconds":4849,"memory":{"rss_mb":274.2,"heap_used_mb":130.3,"heap_total_mb":185.7},"node":"v20.20.2","pid":9,"db":"up","redis":"up","sse_clients":0,"console_clients":2,"level_counts":{"info":500}}
health: {"status":"ok","ts":"2026-10-05T17:06:02.385Z","uptime_seconds":4854,"memory":{"rss_mb":264.7,"heap_used_mb":114.4,"heap_total_mb":175.4},"node":"v20.20.2","pid":9,"db":"up","redis":"up","sse_clients":0,"console_clients":2,"level_counts":{"info":500}}
health: {"status":"ok","ts":"2026-10-05T17:06:07.381Z","uptime_seconds":4859,"memory":{"rss_mb":264.8,"heap_used_mb":122.2,"heap_total_mb":175.4},"node":"v20.20.2","pid":9,"db":"up","redis":"up","sse_clients":0,"console_clients":2,"level_counts":{"info":500}}
health: {"status":"ok","ts":"2026-10-05T17:06:12.380Z","uptime_seconds":4864,"memory":{"rss_mb":264.8,"heap_used_mb":123,"heap_total_mb":175.4},"node":"v20.20.2","pid":9,"db":"up","redis":"up","sse_clients":0,"console_clients":2,"level_counts":{"info":500}}
health: {"status":"ok","ts":"2026-10-05T17:06:17.384Z","uptime_seconds":4869,"memory":{"rss_mb":264.6,"heap_used_mb":120.3,"heap_total_mb":175.4},"node":"v20.20.2","pid":9,"db":"up","redis":"up","sse_clients":0,"console_clients":2,"level_counts":{"info":500}}
health: {"status":"ok","ts":"2026-10-05T17:06:22.380Z","uptime_seconds":4874,"memory":{"rss_mb":264.5,"heap_used_mb":123.8,"heap_total_mb":175.4},"node":"v20.20.2","pid":9,"db":"up","redis":"up","sse_clients":0,"console_clients":2,"level_counts":{"info":500}}
health: {"status":"ok","ts":"2026-10-05T17:06:27.381Z","uptime_seconds":4879,"memory":{"rss_mb":263.1,"heap_used_mb":119.1,"heap_total_mb":173.7},"node":"v20.20.2","pid":9,"db":"up","redis":"up","sse_clients":0,"console_clients":2,"level_counts":{"info":500}}
health: {"status":"ok","ts":"2026-10-05T17:06:32.388Z","uptime_seconds":4884,"memory":{"rss_mb":263.2,"heap_used_mb":125.2,"heap_total_mb":173.7},"node":"v20.20.2","pid":9,"db":"up","redis":"up","sse_clients":0,"console_clients":2,"level_counts":{"info":500}}
health: {"status":"ok","ts":"2026-10-05T17:06:37.382Z","uptime_seconds":4889,"memory":{"rss_mb":262.9,"heap_used_mb":122.8,"heap_total_mb":173.7},"node":"v20.20.2","pid":9,"db":"up","redis":"up","sse_clients":0,"console_clients":2,"level_counts":{"info":500}}
health: {"status":"ok","ts":"2026-10-05T17:06:42.382Z","uptime_seconds":4894,"memory":{"rss_mb":263.1,"heap_used_mb":129.4,"heap_total_mb":173.7},"node":"v20.20.2","pid":9,"db":"up","redis":"up","sse_clients":0,"console_clients":2,"level_counts":{"info":500}}
health: {"status":"ok","ts":"2026-10-05T17:06:47.388Z","uptime_seconds":4899,"memory":{"rss_mb":263.1,"heap_used_mb":138.5,"heap_total_mb":173.7},"node":"v20.20.2","pid":9,"db":"up","redis":"up","sse_clients":0,"console_clients":2,"level_counts":{"info":500}}
health: {"status":"ok","ts":"2026-10-05T17:06:52.383Z","uptime_seconds":4904,"memory":{"rss_mb":264.3,"heap_used_mb":134.5,"heap_total_mb":175.7},"node":"v20.20.2","pid":9,"db":"up","redis":"up","sse_clients":0,"console_clients":2,"level_counts":{"info":500}}
health: {"status":"ok","ts":"2026-10-05T17:06:57.383Z","uptime_seconds":4909,"memory":{"rss_mb":266.9,"heap_used_mb":111.6,"heap_total_mb":177.9},"node":"v20.20.2","pid":9,"db":"up","redis":"up","sse_clients":0,"console_clients":2,"level_counts":{"info":500}}
health: {"status":"ok","ts":"2026-10-05T17:07:02.389Z","uptime_seconds":4914,"memory":{"rss_mb":266.7,"heap_used_mb":112.2,"heap_total_mb":177.9},"node":"v20.20.2","pid":9,"db":"up","redis":"up","sse_clients":0,"console_clients":2,"level_counts":{"info":500}}
health: {"status":"ok","ts":"2026-10-05T17:07:07.384Z","uptime_seconds":4919,"memory":{"rss_mb":266.9,"heap_used_mb":115.6,"heap_total_mb":177.9},"node":"v20.20.2","pid":9,"db":"up","redis":"up","sse_clients":0,"console_clients":2,"level_counts":{"info":500}}
health: {"status":"ok","ts":"2026-10-05T17:07:12.384Z","uptime_seconds":4924,"memory":{"rss_mb":266.6,"heap_used_mb":117.1,"heap_total_mb":177.9},"node":"v20.20.2","pid":9,"db":"up","redis":"up","sse_clients":0,"console_clients":2,"level_counts":{"info":500}}
health: {"status":"ok","ts":"2026-10-05T17:07:17.389Z","uptime_seconds":4929,"memory":{"rss_mb":266.8,"heap_used_mb":121.2,"heap_total_mb":177.9},"node":"v20.20.2","pid":9,"db":"up","redis":"up","sse_clients":0,"console_clients":2,"level_counts":{"info":500}}
health: {"status":"ok","ts":"2026-10-05T17:07:22.385Z","uptime_seconds":4934,"memory":{"rss_mb":267,"heap_used_mb":130.6,"heap_total_mb":177.9},"node":"v20.20.2","pid":9,"db":"up","redis":"up","sse_clients":0,"console_clients":2,"level_counts":{"info":500}}
health: {"status":"ok","ts":"2026-10-05T17:07:27.385Z","uptime_seconds":4939,"memory":{"rss_mb":262.3,"heap_used_mb":110.2,"heap_total_mb":173.4},"node":"v20.20.2","pid":9,"db":"up","redis":"up","sse_clients":0,"console_clients":2,"level_counts":{"info":500}}
health: {"status":"ok","ts":"2026-10-05T17:07:32.390Z","uptime_seconds":4944,"memory":{"rss_mb":262.3,"heap_used_mb":111.1,"heap_total_mb":173.4},"node":"v20.20.2","pid":9,"db":"up","redis":"up","sse_clients":0,"console_clients":2,"level_counts":{"info":500}}
health: {"status":"ok","ts":"2026-10-05T17:07:37.386Z","uptime_seconds":4949,"memory":{"rss_mb":262.5,"heap_used_mb":123.5,"heap_total_mb":173.4},"node":"v20.20.2","pid":9,"db":"up","redis":"up","sse_clients":0,"console_clients":2,"level_counts":{"info":500}}
health: {"status":"ok","ts":"2026-10-05T17:07:42.387Z","uptime_seconds":4954,"memory":{"rss_mb":262.5,"heap_used_mb":125,"heap_total_mb":173.4},"node":"v20.20.2","pid":9,"db":"up","redis":"up","sse_clients":0,"console_clients":2,"level_counts":{"info":500}}
health: {"status":"ok","ts":"2026-10-05T17:07:47.392Z","uptime_seconds":4959,"memory":{"rss_mb":263.1,"heap_used_mb":127,"heap_total_mb":173.4},"node":"v20.20.2","pid":9,"db":"up","redis":"up","sse_clients":0,"console_clients":2,"level_counts":{"info":500}}
health: {"status":"ok","ts":"2026-10-05T17:07:52.388Z","uptime_seconds":4964,"memory":{"rss_mb":260.1,"heap_used_mb":111.3,"heap_total_mb":171.2},"node":"v20.20.2","pid":9,"db":"up","redis":"up","sse_clients":0,"console_clients":2,"level_counts":{"info":500}}
health: {"status":"ok","ts":"2026-10-05T17:07:57.388Z","uptime_seconds":4969,"memory":{"rss_mb":260.2,"heap_used_mb":114.5,"heap_total_mb":171.2},"node":"v20.20.2","pid":9,"db":"up","redis":"up","sse_clients":0,"console_clients":2,"level_counts":{"info":500}}
health: {"status":"ok","ts":"2026-10-05T17:08:02.399Z","uptime_seconds":4974,"memory":{"rss_mb":260.1,"heap_used_mb":117.2,"heap_total_mb":171.2},"node":"v20.20.2","pid":9,"db":"up","redis":"up","sse_clients":0,"console_clients":2,"level_counts":{"info":500}}
health: {"status":"ok","ts":"2026-10-05T17:08:07.389Z","uptime_seconds":4979,"memory":{"rss_mb":260.1,"heap_used_mb":120,"heap_total_mb":171.2},"node":"v20.20.2","pid":9,"db":"up","redis":"up","sse_clients":0,"console_clients":2,"level_counts":{"info":500}}
health: {"status":"ok","ts":"2026-10-05T17:08:12.389Z","uptime_seconds":4984,"memory":{"rss_mb":260.8,"heap_used_mb":109.7,"heap_total_mb":170.9},"node":"v20.20.2","pid":9,"db":"up","redis":"up","sse_clients":0,"console_clients":2,"level_counts":{"info":500}}
health: {"status":"ok","ts":"2026-10-05T17:08:17.393Z","uptime_seconds":4989,"memory":{"rss_mb":260.9,"heap_used_mb":120.6,"heap_total_mb":170.9},"node":"v20.20.2","pid":9,"db":"up","redis":"up","sse_clients":0,"console_clients":2,"level_counts":{"info":500}}
health: {"status":"ok","ts":"2026-10-05T17:08:22.390Z","uptime_seconds":4994,"memory":{"rss_mb":260.8,"heap_used_mb":116.5,"heap_total_mb":170.9},"node":"v20.20.2","pid":9,"db":"up","redis":"up","sse_clients":0,"console_clients":2,"level_counts":{"info":500}}
health: {"status":"ok","ts":"2026-10-05T17:08:27.390Z","uptime_seconds":4999,"memory":{"rss_mb":260.1,"heap_used_mb":117.5,"heap_total_mb":170.9},"node":"v20.20.2","pid":9,"db":"up","redis":"up","sse_clients":0,"console_clients":2,"level_counts":{"info":500}}
health: {"status":"ok","ts":"2026-10-05T17:08:32.394Z","uptime_seconds":5004,"memory":{"rss_mb":260.1,"heap_used_mb":120.4,"heap_total_mb":170.9},"node":"v20.20.2","pid":9,"db":"up","redis":"up","sse_clients":0,"console_clients":2,"level_counts":{"info":500}}
health: {"status":"ok","ts":"2026-10-05T17:08:37.391Z","uptime_seconds":5009,"memory":{"rss_mb":260.4,"heap_used_mb":124.7,"heap_total_mb":170.9},"node":"v20.20.2","pid":9,"db":"up","redis":"up","sse_clients":0,"console_clients":2,"level_counts":{"info":500}}
health: {"status":"ok","ts":"2026-10-05T17:08:42.391Z","uptime_seconds":5014,"memory":{"rss_mb":260.3,"heap_used_mb":128.3,"heap_total_mb":170.9},"node":"v20.20.2","pid":9,"db":"up","redis":"up","sse_clients":0,"console_clients":2,"level_counts":{"info":500}}
health: {"status":"ok","ts":"2026-10-05T17:08:47.396Z","uptime_seconds":5019,"memory":{"rss_mb":260.6,"heap_used_mb":110.1,"heap_total_mb":170.9},"node":"v20.20.2","pid":9,"db":"up","redis":"up","sse_clients":0,"console_clients":2,"level_counts":{"info":500}}
health: {"status":"ok","ts":"2026-10-05T17:08:52.392Z","uptime_seconds":5024,"memory":{"rss_mb":260.7,"heap_used_mb":116.3,"heap_total_mb":170.9},"node":"v20.20.2","pid":9,"db":"up","redis":"up","sse_clients":0,"console_clients":2,"level_counts":{"info":500}}
health: {"status":"ok","ts":"2026-10-05T17:08:57.391Z","uptime_seconds":5029,"memory":{"rss_mb":261,"heap_used_mb":121.1,"heap_total_mb":170.9},"node":"v20.20.2","pid":9,"db":"up","redis":"up","sse_clients":0,"console_clients":2,"level_counts":{"info":500}}
health: {"status":"ok","ts":"2026-10-05T17:09:02.403Z","uptime_seconds":5034,"memory":{"rss_mb":261.1,"heap_used_mb":126,"heap_total_mb":170.9},"node":"v20.20.2","pid":9,"db":"up","redis":"up","sse_clients":0,"console_clients":2,"level_counts":{"info":500}}
health: {"status":"ok","ts":"2026-10-05T17:09:07.394Z","uptime_seconds":5039,"memory":{"rss_mb":260.9,"heap_used_mb":120.5,"heap_total_mb":170.9},"node":"v20.20.2","pid":9,"db":"up","redis":"up","sse_clients":0,"console_clients":2,"level_counts":{"info":500}}
health: {"status":"ok","ts":"2026-10-05T17:09:12.395Z","uptime_seconds":5044,"memory":{"rss_mb":260.6,"heap_used_mb":114.5,"heap_total_mb":170.4},"node":"v20.20.2","pid":9,"db":"up","redis":"up","sse_clients":0,"console_clients":2,"level_counts":{"info":500}}
health: {"status":"ok","ts":"2026-10-05T17:09:17.401Z","uptime_seconds":5049,"memory":{"rss_mb":260.8,"heap_used_mb":116.8,"heap_total_mb":170.4},"node":"v20.20.2","pid":9,"db":"up","redis":"up","sse_clients":0,"console_clients":2,"level_counts":{"info":500}}
health: {"status":"ok","ts":"2026-10-05T17:09:22.397Z","uptime_seconds":5054,"memory":{"rss_mb":260.9,"heap_used_mb":118.2,"heap_total_mb":170.4},"node":"v20.20.2","pid":9,"db":"up","redis":"up","sse_clients":0,"console_clients":2,"level_counts":{"info":500}}
health: {"status":"ok","ts":"2026-10-05T17:09:27.397Z","uptime_seconds":5059,"memory":{"rss_mb":261.2,"heap_used_mb":124.4,"heap_total_mb":170.4},"node":"v20.20.2","pid":9,"db":"up","redis":"up","sse_clients":0,"console_clients":2,"level_counts":{"info":500}}
health: {"status":"ok","ts":"2026-10-05T17:09:32.403Z","uptime_seconds":5064,"memory":{"rss_mb":260.9,"heap_used_mb":124.4,"heap_total_mb":170.4},"node":"v20.20.2","pid":9,"db":"up","redis":"up","sse_clients":0,"console_clients":2,"level_counts":{"info":500}}
health: {"status":"ok","ts":"2026-10-05T17:09:37.398Z","uptime_seconds":5069,"memory":{"rss_mb":260.9,"heap_used_mb":122.8,"heap_total_mb":170.4},"node":"v20.20.2","pid":9,"db":"up","redis":"up","sse_clients":0,"console_clients":2,"level_counts":{"info":500}}
health: {"status":"ok","ts":"2026-10-05T17:09:42.398Z","uptime_seconds":5074,"memory":{"rss_mb":261,"heap_used_mb":117.7,"heap_total_mb":170.4},"node":"v20.20.2","pid":9,"db":"up","redis":"up","sse_clients":0,"console_clients":2,"level_counts":{"info":500}}
health: {"status":"ok","ts":"2026-10-05T17:09:47.403Z","uptime_seconds":5079,"memory":{"rss_mb":260.9,"heap_used_mb":116.1,"heap_total_mb":170.4},"node":"v20.20.2","pid":9,"db":"up","redis":"up","sse_clients":0,"console_clients":2,"level_counts":{"info":500}}
health: {"status":"ok","ts":"2026-10-05T17:09:52.399Z","uptime_seconds":5084,"memory":{"rss_mb":261,"heap_used_mb":120.4,"heap_total_mb":170.4},"node":"v20.20.2","pid":9,"db":"up","redis":"up","sse_clients":0,"console_clients":2,"level_counts":{"info":500}}
health: {"status":"ok","ts":"2026-10-05T17:09:57.400Z","uptime_seconds":5089,"memory":{"rss_mb":260.9,"heap_used_mb":120.6,"heap_total_mb":170.4},"node":"v20.20.2","pid":9,"db":"up","redis":"up","sse_clients":0,"console_clients":2,"level_counts":{"info":500}}
health: {"status":"ok","ts":"2026-10-05T17:10:02.443Z","uptime_seconds":5094,"memory":{"rss_mb":258.7,"heap_used_mb":113.3,"heap_total_mb":168.2},"node":"v20.20.2","pid":9,"db":"up","redis":"up","sse_clients":0,"console_clients":2,"level_counts":{"info":500}}
health: {"status":"ok","ts":"2026-10-05T17:10:07.428Z","uptime_seconds":5099,"memory":{"rss_mb":258.5,"heap_used_mb":111.5,"heap_total_mb":168.2},"node":"v20.20.2","pid":9,"db":"up","redis":"up","sse_clients":0,"console_clients":2,"level_counts":{"info":500}}
health: {"status":"ok","ts":"2026-10-05T17:10:12.428Z","uptime_seconds":5104,"memory":{"rss_mb":258.8,"heap_used_mb":117.8,"heap_total_mb":168.2},"node":"v20.20.2","pid":9,"db":"up","redis":"up","sse_clients":0,"console_clients":2,"level_counts":{"info":500}}
health: {"status":"ok","ts":"2026-10-05T17:10:17.434Z","uptime_seconds":5109,"memory":{"rss_mb":258.7,"heap_used_mb":110.8,"heap_total_mb":168.4},"node":"v20.20.2","pid":9,"db":"up","redis":"up","sse_clients":0,"console_clients":2,"level_counts":{"info":500}}
health: {"status":"ok","ts":"2026-10-05T17:10:22.429Z","uptime_seconds":5114,"memory":{"rss_mb":258.8,"heap_used_mb":114.6,"heap_total_mb":168.4},"node":"v20.20.2","pid":9,"db":"up","redis":"up","sse_clients":0,"console_clients":2,"level_counts":{"info":500}}
health: {"status":"ok","ts":"2026-10-05T17:10:27.430Z","uptime_seconds":5119,"memory":{"rss_mb":258.9,"heap_used_mb":122.1,"heap_total_mb":168.4},"node":"v20.20.2","pid":9,"db":"up","redis":"up","sse_clients":0,"console_clients":2,"level_counts":{"info":500}}
health: {"status":"ok","ts":"2026-10-05T17:10:32.440Z","uptime_seconds":5124,"memory":{"rss_mb":258.8,"heap_used_mb":123.5,"heap_total_mb":168.4},"node":"v20.20.2","pid":9,"db":"up","redis":"up","sse_clients":0,"console_clients":2,"level_counts":{"info":500}}
health: {"status":"ok","ts":"2026-10-05T17:10:37.430Z","uptime_seconds":5129,"memory":{"rss_mb":258.5,"heap_used_mb":118.9,"heap_total_mb":167.9},"node":"v20.20.2","pid":9,"db":"up","redis":"up","sse_clients":0,"console_clients":2,"level_counts":{"info":500}}
health: {"status":"ok","ts":"2026-10-05T17:10:42.430Z","uptime_seconds":5134,"memory":{"rss_mb":258.3,"heap_used_mb":115.4,"heap_total_mb":167.9},"node":"v20.20.2","pid":9,"db":"up","redis":"up","sse_clients":0,"console_clients":2,"level_counts":{"info":500}}
health: {"status":"ok","ts":"2026-10-05T17:10:47.435Z","uptime_seconds":5139,"memory":{"rss_mb":258.4,"heap_used_mb":124.9,"heap_total_mb":167.9},"node":"v20.20.2","pid":9,"db":"up","redis":"up","sse_clients":0,"console_clients":2,"level_counts":{"info":500}}
health: {"status":"ok","ts":"2026-10-05T17:10:52.431Z","uptime_seconds":5144,"memory":{"rss_mb":258,"heap_used_mb":118,"heap_total_mb":167.9},"node":"v20.20.2","pid":9,"db":"up","redis":"up","sse_clients":0,"console_clients":2,"level_counts":{"info":500}}
health: {"status":"ok","ts":"2026-10-05T17:10:57.432Z","uptime_seconds":5149,"memory":{"rss_mb":258.1,"heap_used_mb":113.3,"heap_total_mb":167.9},"node":"v20.20.2","pid":9,"db":"up","redis":"up","sse_clients":0,"console_clients":2,"level_counts":{"info":500}}
health: {"status":"ok","ts":"2026-10-05T17:11:02.455Z","uptime_seconds":5154,"memory":{"rss_mb":258.5,"heap_used_mb":120.2,"heap_total_mb":167.9},"node":"v20.20.2","pid":9,"db":"up","redis":"up","sse_clients":0,"console_clients":2,"level_counts":{"info":500}}
health: {"status":"ok","ts":"2026-10-05T17:11:07.443Z","uptime_seconds":5159,"memory":{"rss_mb":258.2,"heap_used_mb":116.4,"heap_total_mb":167.9},"node":"v20.20.2","pid":9,"db":"up","redis":"up","sse_clients":0,"console_clients":2,"level_counts":{"info":500}}
health: {"status":"ok","ts":"2026-10-05T17:11:12.444Z","uptime_seconds":5164,"memory":{"rss_mb":258.5,"heap_used_mb":127.6,"heap_total_mb":167.9},"node":"v20.20.2","pid":9,"db":"up","redis":"up","sse_clients":0,"console_clients":2,"level_counts":{"info":500}}
health: {"status":"ok","ts":"2026-10-05T17:11:17.465Z","uptime_seconds":5169,"memory":{"rss_mb":258.4,"heap_used_mb":115.6,"heap_total_mb":167.9},"node":"v20.20.2","pid":9,"db":"up","redis":"up","sse_clients":0,"console_clients":2,"level_counts":{"info":500}}
health: {"status":"ok","ts":"2026-10-05T17:11:22.451Z","uptime_seconds":5174,"memory":{"rss_mb":258.1,"heap_used_mb":117,"heap_total_mb":167.9},"node":"v20.20.2","pid":9,"db":"up","redis":"up","sse_clients":0,"console_clients":2,"level_counts":{"info":500}}
health: {"status":"ok","ts":"2026-10-05T17:11:27.460Z","uptime_seconds":5179,"memory":{"rss_mb":258.4,"heap_used_mb":120.6,"heap_total_mb":167.9},"node":"v20.20.2","pid":9,"db":"up","redis":"up","sse_clients":0,"console_clients":2,"level_counts":{"info":500}}
health: {"status":"ok","ts":"2026-10-05T17:11:32.467Z","uptime_seconds":5184,"memory":{"rss_mb":258.1,"heap_used_mb":106.6,"heap_total_mb":167.7},"node":"v20.20.2","pid":9,"db":"up","redis":"up","sse_clients":0,"console_clients":2,"level_counts":{"info":500}}
health: {"status":"ok","ts":"2026-10-05T17:11:37.465Z","uptime_seconds":5189,"memory":{"rss_mb":258.1,"heap_used_mb":114.3,"heap_total_mb":167.7},"node":"v20.20.2","pid":9,"db":"up","redis":"up","sse_clients":0,"console_clients":2,"level_counts":{"info":500}}
health: {"status":"ok","ts":"2026-10-05T17:11:42.466Z","uptime_seconds":5194,"memory":{"rss_mb":257.9,"heap_used_mb":115.5,"heap_total_mb":167.7},"node":"v20.20.2","pid":9,"db":"up","redis":"up","sse_clients":0,"console_clients":2,"level_counts":{"info":500}}
health: {"status":"ok","ts":"2026-10-05T17:11:47.471Z","uptime_seconds":5199,"memory":{"rss_mb":258,"heap_used_mb":117.4,"heap_total_mb":167.7},"node":"v20.20.2","pid":9,"db":"up","redis":"up","sse_clients":0,"console_clients":2,"level_counts":{"info":500}}
health: {"status":"ok","ts":"2026-10-05T17:11:52.466Z","uptime_seconds":5204,"memory":{"rss_mb":258.1,"heap_used_mb":126.8,"heap_total_mb":167.7},"node":"v20.20.2","pid":9,"db":"up","redis":"up","sse_clients":0,"console_clients":2,"level_counts":{"info":500}}
stream error terminated
captured log lines: 44571
